numero,refugio,municipio,direccion,uso,servicios,capacidad,latitud,longitud,altitud,responsable,telefono
1,PRIMARIA LABOR Y CONSTANCIA,ACAPONETA,LOPEZ RAYON,EDUCACION,"AGUA, SANITARIOS Y LUZ ELECTRICA",200,22.498905555555556,105.36035277777778,29,DIR. ENRIQUE JIMENEZ LOPEZ.,CEL.-325-105-89-02
2,JARDIN DE NIÑOS LUIS CASTILLO LEDON,ACAPONETA,ALDAMA ESQ CHAPULTEPEC,EDUCACION,"AGUA, SANITARIOS Y LUZ ELECTRICA",100,22.498094444444444,105.35818888888889,34,MAYRA SILVIA,325-252-11-80
3,PRIMARIA CARMEN SERDAN,ACAPONETA,E. CARRANZA,EDUCACION,"AGUA, SANITARIOS Y LUZ ELECTRICA",200,22.500119444444444,105.36040555555554,30,MA. LOPEZ CATON,325-251-16-40
4,PRIMARIA LAZARO CARDENAS,ACAPONETA,AMADO NERVO,EDUCACION,"AGUA, SANITARIOS Y LUZ ELECTRICA",100,22.490880555555556,105.36102222222222,30,DIR. AZAEL AGUILAR,325-252-17-48
5,PRIMARIA H. AYUNTAMIENTO 1955,ACAPONETA,VERACRUZ No.47,EDUCACION,"AGUA, SANITARIOS Y LUZ ELECTRICA",150,22.49450277777778,105.36117499999999,30,AURORA BARRON MEDINA,325-251-02-82
6,PRIMARIA MIGUEL HIDALGO Y COSTILLA,ACAPONETA,MORELOS Y OAXACA,EDUCACION,"AGUA, SANITARIOS Y LUZ ELECTRICA",200,22.489794444444446,105.36166388888888,30,ALBERTO VILLEGAS,325-252-09-16
7,PRIMARIA CENTRO ESCOLAR,ACAPONETA,MATAMOROS Y PUEBLA,EDUCACION,"AGUA, SANITARIOS Y LUZ ELECTRICA",250,22.493697222222224,105.35925833333333,30,JORGE BURGUEÑO,325-252-01-57
8,SINDICATO CTM,ACAPONETA,QUERETARO Y CORONA,GREMIO SINDICAL,"AGUA, SANITARIOS Y LUZ ELECTRICA",100,22.494255555555558,105.36294444444444,30,JUAN DIEGO HERRERA,PCM.-323-252-19-46
9,ESTADIO MUNICIPAL,ACAPONETA,JUAN ESCUTIA,DEPORTE,"AGUA, SANITARIOS Y LUZ ELECTRICA",300,22.49863888888889,105.364525,30,JOSE DOMINGO ROMERO ORTEGA,325-2510748
10,CASA DE LA CULTURA,ACAPONETA,MORELOS,CULTURAL,"AGUA, SANITARIOS Y LUZ ELECTRICA",300,22.489105555555557,105.36290555555556,30,MARIO RODRIGUEZ,PCM.-323-252-19-46
11,CENTRO RECREATIVO NICOLAS BRAVO,ACAPONETA,México ENTRE  CORONA Y GUERRERO,RECREATIVO,"AGUA, SANITARIOS Y LUZ ELECTRICA",400,22.49437777777778,105.36051944444444,30,BONIFACIO GUZMAN,325-252-07-17
12,CENTRO RECREATIVO ASTORIA CLUB,ACAPONETA,VERACRUZ No15,RECREATIVO,"AGUA, SANITARIOS Y LUZ ELECTRICA",400,22.491675,105.36096388888889,30,,PCM.- 323-252-19-46
13,IGLESIA CRISTIANA CONGREGACIONAL,ACAPONETA,VERACRUZ No 45,RELIGIOSO,"AGUA, SANITARIOS Y LUZ ELECTRICA",50,22.49488888888889,105.36120833333332,30,PASTOR DE LA IGLESIA,PCM.-323-252-19-46
14,ESCUELA FRAY PEDRO DE GANTE,AHUACATLAN,20 DE NOVIEMBRE,EDUCACION,"AGUA, SANITARIOS Y LUZ ELECTRICA",80,21.051686111111113,104.48430555555555,1000,MARIA BRUNILDA BAÑUELOS,324-241-10-69
15,SECUNDARIA FEDERAL REVOLUCION,AHUACATLAN,20 DE NOVIEMBRE Y ZARAGOZA,EDUCACION,"AGUA, SANITARIOS Y LUZ ELECTRICA",250,21.055091666666666,104.48229444444445,1000,MA DEL ROSARIO FIGUEROA,PCM.-324-241-09-86
16,ESCUELA JOSE MARIA MORELOS,AHUACATLAN,MORELOS Y MANUEL DOBLADO,EDUCACION,"AGUA, SANITARIOS Y LUZ ELECTRICA",200,21.05126388888889,104.48685277777778,1000,FRANCISCO JAVIER SOJO RAMOS,PCM.- 324-241-09-86
17,ESCUELA PREPARATORIA No.8,AHUACATLAN,CALLE EL SALTO,EDUCACION,"AGUA, SANITARIOS Y LUZ ELECTRICA",200,21.049169444444445,104.487975,1000,JOSE ANGEL  IBARRA IBARRA,324-241-40-92
18,ESCUELA PLAN DE AYALA,AHUACATLAN,OAXACA E HIDALGO,EDUCACION,"AGUA, SANITARIOS Y LUZ ELECTRICA",200,21.050675000000002,104.48300555555555,1000,ADOLFO PEREZ MACHAIN,324-241-03-83
19,UNIDAD ACADEMICA DEL SUR,AHUACATLAN,CARR A GUADALAJARA KM 153 200,EDUCACION,"AGUA, SANITARIOS Y LUZ ELECTRICA",200,21.057833333333335,104.48518611111112,1000,OSWALD GUADALUPE MONTAÑO,PCM.- 324-241-09-86
20,CLUB SOCIAL Y DEPORTIVO,AHUACATLAN,20 DE NOVIEMBRE,DEPORTE,"AGUA, SANITARIOS Y LUZ ELECTRICA",400,21.052047222222225,104.48376944444445,1000,RAMON ZEPEDA CRESPO,PCM.- 324-241-09-86
21,CASA DE LA CULTURA,AHUACATLAN,HIDALGO S/N,CULTURAL,"AGUA, SANITARIOS Y LUZ ELECTRICA",200,21.050472222222222,104.48426111111111,1000,JUANA DE AGUIRRE NAVIDAD,PCM: 324-2410986  CEL. 324-1008914
22,SALON EJIDAL,AHUACATLAN,MORELOS S/N,EJIDAL,"AGUA, SANITARIOS Y LUZ ELECTRICA",150,21.049122222222223,104.48226944444444,1000,FRANCISCO IBARRA,PCM: 324-2410986  CEL. 324-1008914
23,DIF MUNICIPAL,AHUACATLAN,MORELOS S/N,MUNICIPAL,"AGUA, SANITARIOS Y LUZ ELECTRICA",250,21.049175,104.48259166666666,1000,NORMA ALICIA DOMINGEZ,324-2410132
24,ESCUELA PRIMARIA AMADO NERVO,AHUACATLAN,ZOATLAN,EDUCACION,"AGUA, SANITARIOS Y LUZ ELECTRICA",60,21.03115,104.43092222222222,1000,LETICIA LOPEZ JIMENMEZ,311-2142276
25,ESC. TELESECUNDARIA FRANCISCO VILLA,AHUACATLAN,ZOATLAN,EDUCACION,"AGUA, SANITARIOS Y LUZ ELECTRICA",20,21.03115,104.43092222222222,1000,GREGORIA SOLIS CIBRIAN,311-2142276
26,ESCUELA PRIMARIA EMILIA CARRANZA,AHUACATLAN,LA CIENEGA,EDUCACION,"AGUA, SANITARIOS Y LUZ ELECTRICA",40,21.034533333333336,104.45126666666667,1000,MARIA SILVIA CARRILLO ANZALDO,PCM: 324-2410986  CEL. 324-1008914
27,ESCUELA PRIMARIA BENITO JUAREZ,AHUACATLAN,HERIBERTO JARA,EDUCACION,"AGUA, SANITARIOS Y LUZ ELECTRICA",144,21.05217777777778,104.51731111111111,1040,JOSE MANUEL RIVERA MARMOLEJO,324-2410691                     CEL 324-1067845
28,LOCAL DE LA HACIENDA,AHUACATLAN,HERIBERTO JARA,RECREATIVO,"AGUA, SANITARIOS Y LUZ ELECTRICA",250,21.05217777777778,104.51731111111111,1040,OCTAVIO DIAZ,324-2410722
29,ESC. TELESECUNDARIA VALENTIN GOMEZ FARIAS,AHUACATLAN,HERIBERTO JARA,EDUCACION,"AGUA, SANITARIOS Y LUZ ELECTRICA",40,21.05217777777778,104.51731111111111,1040,EDELMIRA GARCIA MONROY,324-2410722
30,ESCUELA PRIMARIA CURSOS COMUNITARIOS,AHUACATLAN,LOS COPALES,EDUCACION,"AGUA, SANITARIOS Y LUZ ELECTRICA",15,21.063341666666666,104.53115833333334,980,TERESA DE JESUS RASURA MEZA,PCM: 324-2410986  CEL. 324-1008914
31,ESCUELA PRIMARIA NICOLAS BRAVO,AHUACATLAN,LA CAMPANA,EDUCACION,"AGUA, SANITARIOS Y LUZ ELECTRICA",40,21.02131111111111,104.55175555555556,1040,RICARDO GUZMAN CASTAÑON,PCM: 324-2410986  CEL. 324-1008914
32,CENTRO DE DESARROLLO,AHUACATLAN,LA CAMPANA,CULTURAL,"AGUA, SANITARIOS Y LUZ ELECTRICA",20,21.02131111111111,104.55175555555556,1040,ADELA NAVA FLORES,PCM: 324-2410986  CEL. 324-1008914
33,ESC. TELESECUNDARIA JOSE VASCONCELOS,AHUACATLAN,LA CAMPANA,EDUCACION,"AGUA, SANITARIOS Y LUZ ELECTRICA",30,21.02131111111111,104.55175555555556,1040,LUIS FELIPE ARROYO ALATORRE,PCM: 324-2410986  CEL. 324-1008914
34,ESCUELA PRIMARIA JESUS GARCIA,AHUACATLAN,VALLE VERDE,EDUCACION,"AGUA, SANITARIOS Y LUZ ELECTRICA",54,21.12075,104.62034999999999,750,RMINDA BECERRA OROZCO,324-2410392
35,ESCUELA PRIMARIA MIGUEL HIDALGO,AHUACATLAN,TETITLAN,EDUCACION,"AGUA, SANITARIOS Y LUZ ELECTRICA",100,21.12821111111111,104.61698333333332,760,MA. ESTHER MEZA NOLASCO,324-2410357
36,ESCUELA SECUNDARIA TECNICA NO. 37,AHUACATLAN,TETITLAN,EDUCACION,"AGUA, SANITARIOS Y LUZ ELECTRICA",50,21.12821111111111,104.61698333333332,760,PROFR. MIGUEL SANDOVAL,324-2410357
37,SALON EJIDAL,AHUACATLAN,TETITLAN,EDUCACION,"AGUA, SANITARIOS Y LUZ ELECTRICA",50,21.12821111111111,104.61698333333332,760,ARNULFO URIBE CASILLAS,324-2410653
38,ESCUELA SECUNDARIA TECNICA NO. 18,AHUACATLAN,SANTA ISABEL,EDUCACION,"AGUA, SANITARIOS Y LUZ ELECTRICA",400,21.162033333333333,104.62431666666666,820,PROFR. MIGUEL TOPETE DUEÑAS,327-2444596
39,C.B.T.A. NO. 107,AHUACATLAN,SANTA ISABEL,EDUCACION,"AGUA, SANITARIOS Y LUZ ELECTRICA",200,21.162033333333333,104.62431666666666,820,ING. JOSE RAMON MARMOLEJO ALTAMIRANO,327-2444596
40,ESCUELA PRIMARIA REDENCION,AHUACATLAN,SANTA ISABEL,EDUCACION,"AGUA, SANITARIOS Y LUZ ELECTRICA",140,21.162033333333333,104.62431666666666,820,PROFR. AMADO TIZNADO GALINDO,327-2444597
41,SALON EJIDAL,AHUACATLAN,SANTA ISABEL,EJIDAL,"AGUA, SANITARIOS Y LUZ ELECTRICA",200,21.162033333333333,104.62431666666666,820,MIGUEL BAUTISTA,327-2444597
42,SALON DE USOS MULTIPLES,AHUACATLAN,SANTA ISABEL,CULTURAL,"AGUA, SANITARIOS Y LUZ ELECTRICA",300,21.162033333333333,104.62431666666666,820,COMITÉ DE ACCION CIUDADANA,327-2444597
43,ESCUELA PRIMARIA GUADALUPE VICTORIA,AHUACATLAN,LAS PALMAS,EDUCACION,"AGUA, SANITARIOS Y LUZ ELECTRICA",30,21.030594444444443,104.6700888888889,800,PROFR. ROLANDO ZUÑIGA ANGULO,555-1503665
44,ESC. TELESECUNDARIA LAURO BAÑUELOS B.,AHUACATLAN,LAS PALMAS,EDUCACION,"AGUA, SANITARIOS Y LUZ ELECTRICA",50,21.030594444444443,104.6700888888889,800,PROFRA. ARCELIA AVALOS LARAS,555-1503665
45,ESCUELA PRIMARIA OLIVERIO VARGAS,AHUACATLAN,LAS GLORIAS,EDUCACION,"AGUA, SANITARIOS Y LUZ ELECTRICA",30,21.043844444444446,104.68062777777779,720,PROFR. JOSE MANUEL RIVERA MARMOLEJO,PCM: 324-2410986  CEL. 324-1008914
46,ESCUELA PRIMARIA FRANCISCO I. MADERO,AHUACATLAN,SANTA CRUZ DE CAMOTLAN,EDUCACION,"AGUA, SANITARIOS Y LUZ ELECTRICA",100,20.957694444444442,104.67015,460,PROFR. JUAN FRANCISCO AGUIAR RODRIGUEZ,200-1268540
47,ESC. TELESECUNDARIA EMILIANO ZAPATA,AHUACATLAN,SANTA CRUZ DE CAMOTLAN,EDUCACION,"AGUA, SANITARIOS Y LUZ ELECTRICA",40,20.957694444444442,104.67015,460,PROFRA. MARIA DE JESUS HERNANDEZ GALLEGOS,200-1268540
48,SALON EJIDAL,AHUACATLAN,SANTA CRUZ DE CAMOTLAN,EJIDAL,"AGUA, SANITARIOS Y LUZ ELECTRICA",200,20.957694444444442,104.67015,460,HERIBERTO GUTIERREZ IBARRA,200-1268541
49,ESCUELA PRIMARIA VICENTE GUERRERO,AHUACATLAN,LAS CEBOLLAS,EDUCACION,"AGUA, SANITARIOS Y LUZ ELECTRICA",20,21.000366666666668,104.58786666666666,1315,PROFR. MELCHOR BECERRA ANGULO,PCM: 324-2410986  CEL. 324-1008914
50,ESC. TELESECUNDARIA JOSE ORTIZ DE D.,AHUACATLAN,LAS CEBOLLAS,EDUCACION,"AGUA, SANITARIOS Y LUZ ELECTRICA",40,21.000366666666668,104.58786666666666,1315,PROFR. VICTOR MANUEL CARVAJAL FLORES,PCM: 324-2410986  CEL. 324-1008914
51,ESCUELA PRIMARIA LAZARO CARDENAS,AHUACATLAN,LAS GUASIMAS,EDUCACION,"AGUA, SANITARIOS Y LUZ ELECTRICA",30,20.998372222222223,104.60814444444443,1140,PROFRA. SONIA GUARDADO VALENZUELA,PCM: 324-2410986  CEL. 324-1008914
52,ESCUELA PRIMARIA NARCISO MENDOZA,AHUACATLAN,MARQUEZADO,EDUCACION,"AGUA, SANITARIOS Y LUZ ELECTRICA",60,21.077033333333333,104.57170555555555,880,PROFR. JORGE MEJIA GUTIERREZ,200-1247919
53,ESC. TELESECUNDARIA ROSALIO MORALES,AHUACATLAN,MARQUEZADO,EDUCACION,"AGUA, SANITARIOS Y LUZ ELECTRICA",60,21.077033333333333,104.57170555555555,880,PROFRA. MARIA LETICIA VALENZUELA I.,200-1247918
54,SALON EJIDAL,AHUACATLAN,MARQUEZADO,EJIDAL,"AGUA, SANITARIOS Y LUZ ELECTRICA",40,21.077033333333333,104.57170555555555,880,ALVARO IBARRA AVILA,200-1247920
55,ESCUELA PRIMARIA 5 DE MAYO,AHUACATLAN,UZETA,EDUCACION,"AGUA, SANITARIOS Y LUZ ELECTRICA",80,21.11442777777778,104.60357777777777,770,PROFRA. MA. MAGDALENA MORA JIMENEZ,324-2415001
56,ESCUELA SECUNDARIA TECNICA NO. 38,AHUACATLAN,UZETA,EDUCACION,"AGUA, SANITARIOS Y LUZ ELECTRICA",100,21.11442777777778,104.60357777777777,770,PROFR. ALFREDO ESPINOZA MORALES,324-2415001
57,SALON EJIDAL,AHUACATLAN,UZETA,EJIDAL,"AGUA, SANITARIOS Y LUZ ELECTRICA",42,21.11442777777778,104.60357777777777,770,RICARDO CAMARENA LOPEZ,324-2415001
58,CASINO LA CANDELARIA,AMATLAN DE CAÑAS,ESTANCIA DE LOS LOPEZ,RECREATIVO,"AGUA, SANITARIOS Y LUZ ELECTRICA",500,20.858700000000002,104.43325,900,PROTECCION CIVIL MPAL.,01324-2470281            CEL. 045324-1061620
59,ESCUELA PRIMARIA BENITO JUAREZ,AMATLAN DE CAÑAS,ESTANCIA DE LOS LOPEZ,EDUCACION,"AGUA, SANITARIOS Y LUZ ELECTRICA",125,20.858700000000002,104.43325,900,PROTECCION CIVIL MPAL.,01324-2470281            CEL. 045324-1061620
60,ESC. SEC. ETA,AMATLAN DE CAÑAS,ESTANCIA DE LOS LOPEZ,EDUCACION,"AGUA, SANITARIOS Y LUZ ELECTRICA",100,20.858700000000002,104.43325,900,PROTECCION CIVIL MPAL.,01324-2470281            CEL. 045324-1061620
61,C.B.T.A.,AMATLAN DE CAÑAS,ESTANCIA DE LOS LOPEZ,EDUCACION,"AGUA, SANITARIOS Y LUZ ELECTRICA",100,20.858700000000002,104.43325,900,PROTECCION CIVIL MPAL.,01324-2470281            CEL. 045324-1061620
62,ESCUELA PRIMARIA EMILIANO ZAPATA,AMATLAN DE CAÑAS,ESTANCIA DE LOS LOPEZ,EDUCACION,"AGUA, SANITARIOS Y LUZ ELECTRICA",200,20.858700000000002,104.43325,900,PROTECCION CIVIL MPAL.,01324-2470281            CEL. 045324-1061620
63,ESCUELA SECUNDARIA,AMATLAN DE CAÑAS,ROSARIO,EDUCACION,"AGUA, SANITARIOS Y LUZ ELECTRICA",125,20.891266666666667,104.468425,780,PROTECCION CIVIL MPAL.,01324-2470281            CEL. 045324-1061620
64,ESCUELA PRIMARIA,AMATLAN DE CAÑAS,ROSARIO,EDUCACION,"AGUA, SANITARIOS Y LUZ ELECTRICA",75,20.891266666666667,104.468425,780,PROTECCION CIVIL MPAL.,01324-2470281            CEL. 045324-1061620
65,ESCUELA PRIMARIA,AMATLAN DE CAÑAS,MEZQUITES,EDUCACION,"AGUA, SANITARIOS Y LUZ ELECTRICA",100,20.913966666666663,104.54243333333334,540,PROTECCION CIVIL MPAL.,01324-2470281            CEL. 045324-1061620
66,ESCUELA SECUNDARIA,AMATLAN DE CAÑAS,MEZQUITES,EDUCACION,"AGUA, SANITARIOS Y LUZ ELECTRICA",50,20.913966666666663,104.54243333333334,540,PROTECCION CIVIL MPAL.,01324-2470281            CEL. 045324-1061620
67,ALBERGUE COMUNITARIO,AMATLAN DE CAÑAS,MEZQUITES,ALBERGUE,"AGUA, SANITARIOS Y LUZ ELECTRICA",50,20.913966666666663,104.54243333333334,540,PROTECCION CIVIL MPAL.,01324-2470281            CEL. 045324-1061620
68,ESCUELA PRIMARIA,AMATLAN DE CAÑAS,CERRITOS,EDUCACION,"AGUA, SANITARIOS Y LUZ ELECTRICA",100,20.924916666666668,104.61231111111111,460,PROTECCION CIVIL MPAL.,01324-2470281            CEL. 045324-1061620
69,"ESCUELA PRIMARIA ""AMADO NERVO""",AMATLAN DE CAÑAS,AMATLAN DE CAÑAS,EDUCACION,"AGUA, SANITARIOS Y LUZ ELECTRICA",200,20.807616666666668,104.40422500000001,760,PROTECCION CIVIL MPAL.,01324-2470281            CEL. 045324-1061620
70,LIENZO CHARRO,AMATLAN DE CAÑAS,AMATLAN DE CAÑAS,RECREATIVO,"AGUA, SANITARIOS Y LUZ ELECTRICA",250,20.808330555555557,104.401475,760,PROTECCION CIVIL MPAL.,01324-2470281            CEL. 045324-1061620
71,CASA DE LA MUJER,AMATLAN DE CAÑAS,AMATLAN DE CAÑAS,CULTURAL,"AGUA, SANITARIOS Y LUZ ELECTRICA",75,20.80752777777778,104.40390555555557,760,PROTECCION CIVIL MPAL.,01324-2470281            CEL. 045324-1061620
72,ESCUELA PRIMARIA,AMATLAN DE CAÑAS,TEPUZHUACAN,EDUCACION,"AGUA, SANITARIOS Y LUZ ELECTRICA",100,20.878577777777778,104.5205,580,PROTECCION CIVIL MPAL.,01324-2470281            CEL. 045324-1061620
73,ESCUELA SECUNDARIA,AMATLAN DE CAÑAS,TEPUZHUACAN,EDUCACION,"AGUA, SANITARIOS Y LUZ ELECTRICA",100,20.878577777777778,104.5205,580,PROTECCION CIVIL MPAL.,01324-2470281            CEL. 045324-1061620
74,ESCUELA PRIMARIA,AMATLAN DE CAÑAS,BARRANCA DEL ORO,EDUCACION,"AGUA, SANITARIOS Y LUZ ELECTRICA",50,20.924322222222223,104.48047222222222,720,PROTECCION CIVIL MPAL.,01324-2470281            CEL. 045324-1061620
76,ESCUELA PRIMARIA,AMATLAN DE CAÑAS,AGUA ESCONDIDA,EDUCACION,"AGUA, SANITARIOS Y LUZ ELECTRICA",30,20.768763888888888,104.31981111111111,1360,PROTECCION CIVIL MPAL.,01324-2470281            CEL. 045324-1061620
77,TELESECUNDARIA,AMATLAN DE CAÑAS,LA YERBABUENA,EDUCACION,"AGUA, SANITARIOS Y LUZ ELECTRICA",30,20.769658333333332,104.29357777777777,1540,PROTECCION CIVIL MPAL.,01324-2470281            CEL. 045324-1061620
78,ESCUELA PRIMARIA,AMATLAN DE CAÑAS,LA YERBABUENA,EDUCACION,"AGUA, SANITARIOS Y LUZ ELECTRICA",50,20.769658333333332,104.29357777777777,1540,PROTECCION CIVIL MPAL.,01324-2470281            CEL. 045324-1061620
79,TELESECUNDARIA,AMATLAN DE CAÑAS,SAN BLASITO,EDUCACION,"AGUA, SANITARIOS Y LUZ ELECTRICA",50,20.697555555555557,104.29387777777778,900,PROTECCION CIVIL MPAL.,01324-2470281            CEL. 045324-1061620
80,ESCUELA PRIMARIA,AMATLAN DE CAÑAS,SAN BLASITO,EDUCACION,"AGUA, SANITARIOS Y LUZ ELECTRICA",75,20.697555555555557,104.29387777777778,900,PROTECCION CIVIL MPAL.,01324-2470281            CEL. 045324-1061620
81,ESCUELA PRIMARIA,AMATLAN DE CAÑAS,JESUS MARIA,EDUCACION,"AGUA, SANITARIOS Y LUZ ELECTRICA",75,20.678794444444446,104.28318333333333,900,PROTECCION CIVIL MPAL.,01324-2470281            CEL. 045324-1061620
82,TELESECUNDARIA,AMATLAN DE CAÑAS,JESUS MARIA,EDUCACION,"AGUA, SANITARIOS Y LUZ ELECTRICA",50,20.678794444444446,104.28318333333333,900,PROTECCION CIVIL MPAL.,01324-2470281            CEL. 045324-1061620
85,ESCUELA PRIMARIA “JUAN ESCUTIA”,COMPOSTELA,HIDALGO Y MORENO,EDUCACION,"AGUA, SANITARIOS Y LUZ ELECTRICA",300,21.23613611111111,104.90063055555557,860,,327-277-03-09
86,ESTADIO MUNICIPAL,COMPOSTELA,CALZADA GILBERTO FLORES MUÑOS Y LA PAZ,EDUCACION,"AGUA, SANITARIOS Y LUZ ELECTRICA",300,21.243897222222223,104.90411666666667,860,C. ADRIAN FREGOSO TEL  CASA,327-2771226
87,ESCUELA SECUNDARIA CONSTITUCION 1857,COMPOSTELA,GILBERTO FLORES MUÑOZ No. 77 PONIENTE (LOCALIDAD COMPOSTELA),EDUCACION,"AGUA, SANITARIOS Y LUZ ELECTRICA",300,21.243719444444444,104.90334166666668,860,DIR ENRIQUE MARTINEZ DOMINGUEZ,327-2770033               CEL 311-2500981
88,ESCUELA PRIMARIA “AMADO NERVO”,COMPOSTELA,ALDAMA Y LEANDRO VALLE No. 192 (LOCALIDAD COMPOSTELA),EDUCACION,"AGUA, SANITARIOS Y LUZ ELECTRICA",500,21.241408333333336,104.89988055555557,860,C. ISMAEL GONZALEZ AGUAYO .,327-280150
89,ESCUELA “ÚLTIMO EMPERADOR AZTECA”,COMPOSTELA,JUÁREZ Y FRANCISCO SARABIA,EDUCACION,"AGUA, SANITARIOS Y LUZ ELECTRICA",300,21.23743888888889,104.89192777777778,860,C. ROSA VILLA PEÑA,327-2770567
90,ESC. SEC. FED. “RAÚL ERNESTO DELGADO”,COMPOSTELA,MORENO Y CALOCA,EDUCACION,"AGUA, SANITARIOS Y LUZ ELECTRICA",500,21.235494444444445,104.896375,860,C. XOCHITL FIGUEROA IBARRA,327-2770752            327-2772392
91,SALON EJIDAL LIBRADO DE RIVERA,COMPOSTELA,AV. VALLARTA NO. 63,EJIDAL,"AGUA, SANITARIOS Y LUZ ELECTRICA",160,21.229522222222222,104.90235000000001,850,C. VERONICA RODRIGUEZ SALAZAR,CEL. 327-1038898
92,ESCUELA PRIMARIA “REVOLUCIÓN”,COMPOSTELA,ZACUALPAN,EDUCACION,"AGUA, SANITARIOS Y LUZ ELECTRICA",500,21.250394444444446,105.16582777777778,15,BERTHA ALICIA PELAYO LOPEZ,327-2730314
93,CASINO “SUPERIOR”,COMPOSTELA,ZACUALPAN,RECREATIVO,"AGUA, SANITARIOS Y LUZ ELECTRICA",600,21.249925,105.16467777777778,15,FELIPE ENRÍQUEZ,327-2730030
94,SALON EJIDAL,COMPOSTELA,ZACUALPAN,EJIDAL,"AGUA, SANITARIOS Y LUZ ELECTRICA",600,21.250155555555555,105.16656944444445,15,C. SAUL SALAZAR RISTRA,327-2730135
95,CENTRO DE ATENCION MULTIPLES NO. 9,COMPOSTELA,LAS VARAS,EDUCACION,"AGUA, SANITARIOS Y LUZ ELECTRICA",1000,21.178405555555557,105.14363333333334,20,CARLOS FELIX AGUILAR,311-1229148
96,SALON EJIDAL,COMPOSTELA,PEÑITA DE JALTEMBA,EJIDAL,"AGUA, SANITARIOS Y LUZ ELECTRICA",200,21.042761111111112,105.24738333333333,1,C. GENARO GOMEZ DIAZ,327-9782022
97,"ESCUELA PRIMARIA  “HOMBRES ILUSTRES""",COMPOSTELA,PEÑITA DE JALTEMBA,EDUCACION,"AGUA, SANITARIOS Y LUZ ELECTRICA",300,21.035911111111112,105.24706388888889,1,DIRECTOR DEL PLANTEL,327-2740065
98,JARDÍN DE NIÑOS “FERNANDO MONTES DE OCA”,COMPOSTELA,PEÑITA DE JALTEMBA,EDUCACION,"AGUA, SANITARIOS Y LUZ ELECTRICA",200,21.03646666666667,105.24727777777778,1,DIRECTOR DEL PLANTEL,327-2741829
99,ESCUELA PRIMARIA  “EMILIANO ZAPATA”,COMPOSTELA,RINCON DE GUAYABITOS,EDUCACION,"AGUA, SANITARIOS Y LUZ ELECTRICA",200,21.026116666666667,105.265,5,C. JORGE A. QUINTERO M.,322-164539
100,EDIFICIO DE LA IGLESIA,COMPOSTELA,PASO DE LAS PALMAS,RELIGIOSOS,"AGUA, SANITARIOS Y LUZ ELECTRICA",60,21.195933333333333,105.1400888888889,20,C. ELVIA FLORES SANCHEZ,327-27282162
101,ESCUELA PRIMARIA  “LAZARO CARDENAS”,COMPOSTELA,PASO DE LAS PALMAS,EDUCACION,"AGUA, SANITARIOS Y LUZ ELECTRICA",200,21.193044444444446,105.14131666666667,20,C. DIANA FRANCO MARTINEZ,327-2722219
102,PRESIDENCIA MUNICIPAL,RUIZ,CALLE HIDALGO 214 (COL .CENTRO),GOBIERNO MUNICIPAL,"AGUA, SANITARIOS Y LUZ ELECTRICA",200,21.950322222222223,105.14523055555556,20,LIBRADO CASAS LEDEZMA,319-2330150
103,DIF MUNICIPAL,RUIZ,"LAURELES Y GONGORA, VERACRUZ Y MEXICO",GOBIERNO MUNICIPAL,"AGUA, SANITARIOS Y LUZ ELECTRICA",50,21.94983611111111,105.14482777777778,20,MARICELA OCHO GARCIA,PCM: 319-2331673               NEXTEL 164-3043
104,ESC. GRAL. MARIANO RUIZ,RUIZ,AMADO NERVO NO. 23 COL. CENTRO,EDUCACION,"AGUA, SANITARIOS Y LUZ ELECTRICA",240,21.951797222222222,105.14399722222223,20,DIR. RAMON ANTONIO TORRES SALGADO,319-2331462
105,ESC. SEC. NIÑOS HEROES,RUIZ,DR. SALAZAR Y GALEANA,EDUCACION,"AGUA, SANITARIOS Y LUZ ELECTRICA",360,21.947975,105.14459722222223,20,DIR. MALAQUIAS GARCIA MEDINA,319-2330361
106,"ESC. PRIMARIA ""SOR JUANA INES DE LA CRUZ""",RUIZ,QUERETARO Y FRANCISCO I. MADERO,EDUCACION,"AGUA, SANITARIOS Y LUZ ELECTRICA",40,21.947744444444446,105.14701388888889,20,MARTHA LORENA BARRON JAIME,PCM: 319-2331673               NEXTEL 164-3043
107,CLINICA DEL IMSS,RUIZ,GUADALAJARA NO. 6,SALUD,"AGUA, SANITARIOS Y LUZ ELECTRICA",50,21.950091666666665,105.14457777777778,20,ELEODORO JIMENEZ RODRIGUEZ,PCM: 319-2331673               NEXTEL 164-3043
108,CENTRO DE SALUD,RUIZ,GUADALAJARA ESQ. AMADO NERVO,SALUD,"AGUA, SANITARIOS Y LUZ ELECTRICA",50,21.94981388888889,105.14620000000001,20,MIGUEL ANGEL GALINDO RODRIGUEZ,PCM: 319-2331673               NEXTEL 164-3043
109,ESC. CECYTEN,RUIZ,CARRETARA RUIZ - EL VENADO KM. 2.5,EDUCACION,"AGUA, SANITARIOS Y LUZ ELECTRICA",270,21.948125,105.15228055555556,20,JUAN GABRIEL GONZALEZ VILLALOBOS,PCM: 319-2331673               NEXTEL 164-3043
110,ESCUELA PRIMARIA “FRANCISCO VILLA”,RUIZ,COL. TIJUANITA,EDUCACION,"AGUA, SANITARIOS Y LUZ ELECTRICA",210,21.95282222222222,105.13313888888888,25,EFRAIN IBARRA DELGADO,PCM: 319-2331673               NEXTEL 164-3043
111,ESC. JOSE GUADALUPE NAJERA,RUIZ,EMILIA GALLEGOS No. 39 NTE.,EDUCACION,"AGUA, SANITARIOS Y LUZ ELECTRICA",600,21.961594444444444,105.14906944444445,25,VELIA RODRIGUEZ IZAR,PCM: 319-2331673               NEXTEL 164-3043
112,ESC. REY NAYAR,RUIZ,MANUEL LOZADA Y PUEBLA,EDUCACION,"AGUA, SANITARIOS Y LUZ ELECTRICA",300,21.957505555555556,105.147175,20,VICTOR MANUEL PEREZ GONZALEZ,PCM: 319-2331673               NEXTEL 164-3043
113,SALON EJIDAL,RUIZ,GUANAJUATO NO. 2 COL. SAN ANTONIO,EJIDAL,"AGUA, SANITARIOS Y LUZ ELECTRICA",100,21.952830555555554,105.14133611111112,30,ISRAEL MORA ESTRADA,PCM: 319-2331673               NEXTEL 164-3043
114,ESCUELA GENERAL LAZARO CARDENAS,RUIZ,ALVARO OBREGON NO. 202 NTE. COL. TALPITA,EDUCACION,"AGUA, SANITARIOS Y LUZ ELECTRICA",150,21.944216666666666,105.15496666666667,20,DIRECTOR DEL PLANTEL,319-2322102
115,PREPARATORIA No. 11,RUIZ,PROL. AV. JUAREZ S/N,EDUCACION,"AGUA, SANITARIOS Y LUZ ELECTRICA",240,21.954030555555555,105.13963055555556,20,JOSE DE LEON CHAVEZ,PCM: 319-2331673               NEXTEL 164-3043
116,ESC. PRIMARIA “ JOSÉ MARÍA MERCADO”,SAN BLAS,MICHOACÁN Y JOSÉ MARÍA MERCADO,EDUCACION,"AGUA, SANITARIOS Y LUZ ELECTRICA",400,21.540833333333335,105.28599166666666,10,JUAN MARTIN GARCIA DIAZ,323-285-11-76
117,ESC. SEC. FED.  “JOSÉ MARÍA MERCADO”,SAN BLAS,ECHEVERRÍA ESQUINA YUCATÁN,EDUCACION,"AGUA, SANITARIOS Y LUZ ELECTRICA",300,21.54400277777778,105.28495277777778,10,DIRECTOR DEL PLANTEL,323-2850814
118,CENTRO DE ESTUDIOS TÉCNICOS DEL MAR,SAN BLAS,AV. TENIENTE AZUETA S/N SUR,EDUCACION,"AGUA, SANITARIOS Y LUZ ELECTRICA",360,21.534575,105.28405833333333,10,JOSE TRINIDAD ULLOA,PCM: 323-2850302       323-285-04-94
119,ESCUELA PRIMARIA  “FRAY JUNIPERO SERRA”,SAN BLAS,SONORA No. 152 ORIENTE,EDUCACION,"AGUA, SANITARIOS Y LUZ ELECTRICA",360,21.543819444444445,105.28260277777778,10,DIRECTOR DEL PLANTEL,323-2850349
120,ESCUELA PREPARATORIA No. 12,SAN BLAS,BRAVO Y YUCATÁN S/N,EDUCACION,"AGUA, SANITARIOS Y LUZ ELECTRICA",120,21.544197222222223,105.28434166666666,10,RAMON MERCADO CALDERON,PCM: 323-2850302       323-285-11-36     CEL. 045323-729-01-29
121,SALON EJIDAL,SAN BLAS,ECHEVERRÍA S/N SUR,EJIDAL,AGUA Y LUZ ELECTRICA,100,21.54082,105.28458055555555,10,COMISARIADO EJIDAL,PCM: 323-2850302       CEL. 045323-1050294
122,HOTEL “MARINO”,SAN BLAS,AV. H. BATALLÓN DE SAN BLAS ESQUINA ISLITAS,HOSPEDAJE,"AGUA, SANITARIOS Y LUZ ELECTRICA",236,21.53709166666667,105.28286111111112,10,MARTÍN LIZARRAGA GARCÍA,323-2850303
123,HOTEL “FLAMINGOS”,SAN BLAS,AV. JUÁREZ No. 105 PONIENTE,HOSPEDAJE,"AGUA, SANITARIOS Y LUZ ELECTRICA",336,21.540494444444445,105.28852777777777,10,AMAYA FLETES DE LA GARZA,323-2850485
124,HOTEL “POSADAS DEL REY”,SAN BLAS,CAMPECHE No. 140 PONIENTE,HOSPEDAJE,"AGUA, SANITARIOS Y LUZ ELECTRICA",40,21.537497222222225,105.28729166666666,10,MARTHA CRUZ GOMEZ,323-2850123
125,HOTEL “GARZA CANELA”,SAN BLAS,PAREDES No. 106 SUR,HOSPEDAJE,"AGUA, SANITARIOS Y LUZ ELECTRICA",180,21.53768888888889,105.28601111111111,10,JOSEFINA VÁZQUEZ GONZÁLEZ,323-2850112
126,"HOTEL “MARINA SAN BLAS""",SAN BLAS,AV. JUÁREZ No. 75 PONIENTE,HOSPEDAJE,"AGUA, SANITARIOS Y LUZ ELECTRICA",140,21.536272222222223,105.28305833333333,10,MARCO ANTONIO VERCELLINO ACOSTA,323-2851437
127,ESC. PRIMARIA “RICARDO FLORES MAGÓN”,SAN BLAS,LAURELES Y GONGORA,EDUCACION,"AGUA, SANITARIOS Y LUZ ELECTRICA",60,21.65961111111111,105.3674611111111,10,DIRECTOR DEL PLANTEL,323-2370199                               323-2370202
128,ESCUELA PRIMARIA “GENERAL ANAYA”,SAN BLAS,LA CULEBRA,EDUCACION,"AGUA, SANITARIOS Y LUZ ELECTRICA",180,21.71088888888889,105.28792222222222,10,DIRECTOR DEL PLANTEL,323-2351265                              323-2354667
129,ESCUELA PRIMARIA “FRANCISCO I. MADERO”,SAN BLAS,ISLA DEL CONDE,EDUCACION,"AGUA, SANITARIOS Y LUZ ELECTRICA",80,21.662844444444442,105.36183888888888,10,DIRECTOR DEL PLANTEL,323-2370220                           323-2370584
130,ESC. PRIMARIA “FELIPE CARRILLO PUERTO”,SAN BLAS,PLAYA RAMIREZ,EDUCACION,"AGUA, SANITARIOS Y LUZ ELECTRICA",60,21.668294444444445,105.35895,10,DIRECTOR DEL PLANTEL,323-2370147
131,ESCUELA PRIMARIA “AQUILES SERDÁN”,SAN BLAS,GUADALUPE VICTORIA,EDUCACION,"AGUA, SANITARIOS Y LUZ ELECTRICA",320,21.679822222222224,105.32768333333333,10,VICTOR TALAVERA MALDONADO                NELY ARACELI DE HARO LOPEZ,323-105-76-38
132,ESCUELA C.B.T.A.,SAN BLAS,GUADALUPE VICTORIA,EDUCACION,"AGUA, SANITARIOS Y LUZ ELECTRICA",120,21.679822222222224,105.32768333333333,10,HIPOLITO LOPEZ ALBA,323-237-03-51
133,ESCUELA PRIMARIA “GUADALUPE VICTORIA”,SAN BLAS,LA GOMA,EDUCACION,"AGUA, SANITARIOS Y LUZ ELECTRICA",200,21.71681111111111,105.27552222222222,10,DIRECTOR DEL PLANTEL,323-2351918
134,ESCUELA PRIMARIA “20 DE NOVIEMBRE”,SAN BLAS,AUTAN,EDUCACION,"AGUA, SANITARIOS Y LUZ ELECTRICA",140,21.6901,105.30740555555555,10,MARCO ANTONIO VALENZUELA VELAZQUEZ,323-108-18-05
135,ESCUELA SECUNDARIA TÉCNICA,SAN BLAS,AUTAN,EDUCACION,"AGUA, SANITARIOS Y LUZ ELECTRICA",200,21.6901,105.30740555555555,10,DIRECTOR DEL PLANTEL,323-2370101
136,SALON EJIDAL,SAN BLAS,AUTAN,EJIDAL,"AGUA, SANITARIOS Y LUZ ELECTRICA",300,21.6901,105.30740555555555,10,RAUL PLANTILLAS SARTIAGUIN,323-237-02-09
137,ESCUELA PRIMARIA “JUAN ESCUTIA”,SAN BLAS,EL CARLEÑO,EDUCACION,"AGUA, SANITARIOS Y LUZ ELECTRICA",150,21.693683333333333,105.32256666666666,10,DIRECTOR DEL PLANTEL,323-2351298
138,ESC. SEC. TÉCNICA No. 3 “TIERRA Y LIBERTAD”,SAN BLAS,GUADALUPE VICTORIA,EDUCACION,"AGUA, SANITARIOS Y LUZ ELECTRICA",300,21.679822222222224,105.32768333333333,10,DIRECTOR DEL PLANTEL,323-2370174
139,SALON EJIDAL,SAN BLAS,GUADALUPE VICTORIA,EJIDAL,"AGUA, SANITARIOS Y LUZ ELECTRICA",200,21.679822222222224,105.32768333333333,10,COMISARIADO EJIDAL,323-2370297
140,TELESECUNDARIA “REFUGIO GONZÁLEZ”,SAN BLAS,LA GOMA,EDUCACION,"AGUA, SANITARIOS Y LUZ ELECTRICA",60,21.71681111111111,105.27552222222222,10,DIRECTOR DEL PLANTEL,323-2354668
141,TELESECUNDARIA,SAN BLAS,EL CARLEÑO,EDUCACION,"AGUA, SANITARIOS Y LUZ ELECTRICA",30,21.693683333333333,105.32256666666666,10,DIRECTOR DEL PLANTEL,323-2354665
142,ESCUELA PRIMARIA “CARRILLO PUERTO”,SAN BLAS,PIMIENTILLO,EDUCACION,"AGUA, SANITARIOS Y LUZ ELECTRICA",250,21.68121111111111,105.35302222222222,10,DIRECTOR DEL PLANTEL,323-2351920
143,TELESECUNDARIA “ALBINO LÓPEZ GARCÍA”,SAN BLAS,PIMIENTILLO,EDUCACION,"AGUA, SANITARIOS Y LUZ ELECTRICA",40,21.68121111111111,105.35302222222222,10,DIRECTOR DEL PLANTEL,323-2351920
144,TELESECUNDARIA “ANTONIO CANO ALATORRE”,SAN BLAS,CHACALILLA,EDUCACION,"AGUA, SANITARIOS Y LUZ ELECTRICA",80,21.619194444444446,105.26788333333333,60,DIRECTOR DEL PLANTEL,323-2350570
145,ESCUELA PRIMARIA “JOSÉ MARÍA MERCADO”,SAN BLAS,CHACALILLA,EDUCACION,"AGUA, SANITARIOS Y LUZ ELECTRICA",150,21.619194444444446,105.26788333333333,60,DIRECTOR DEL PLANTEL,323-2354663
146,ESCUELA PRIMARIA “AMADO NERVO”,SAN BLAS,EL CAPOMO,EDUCACION,"AGUA, SANITARIOS Y LUZ ELECTRICA",120,21.671355555555557,105.25645555555556,10,DIRECTOR DEL PLANTEL,323-2350048
147,TELESECUNDARIA “JOSÉ R. GÓMEZ”,SAN BLAS,EL CAPOMO,EDUCACION,"AGUA, SANITARIOS Y LUZ ELECTRICA",20,21.671355555555557,105.25645555555556,10,DIRECTOR DEL PLANTEL,323-2354664
148,SALON EJIDAL,SAN BLAS,EL CAPOMO,EJIDAL,"AGUA, SANITARIOS Y LUZ ELECTRICA",50,21.671355555555557,105.25645555555556,10,COMISARIADO EJIDAL,323-2350048
149,ESCUELA PRIMARIA,SAN BLAS,LA CHIRIPA,EDUCACION,"AGUA, SANITARIOS Y LUZ ELECTRICA",60,21.625433333333334,105.31212777777777,10,DIRECTOR DEL PLANTEL,PCM: 323-2850302       CEL. 045323-1050294
150,ESCUELA PRIMARIA “18 DE MARZO”,SAN BLAS,NAVARRETE,EDUCACION,"AGUA, SANITARIOS Y LUZ ELECTRICA",300,21.64742222222222,105.11544444444444,75,DIRECTOR DEL PLANTEL,327-2349835
151,ESCUELA SECUNDARIA TÉCNICA “JUAN ESCUTIA”,SAN BLAS,NAVARRETE,EDUCACION,"AGUA, SANITARIOS Y LUZ ELECTRICA",280,21.64742222222222,105.11544444444444,75,DIRECTOR DEL PLANTEL,327-2349836                             327-2349837
152,ESCUELA PRIMARIA “NIÑOS HÉROES”,SAN BLAS,SANTA CRUZ,EDUCACION,"AGUA, SANITARIOS Y LUZ ELECTRICA",150,21.64742222222222,105.11544444444444,75,EULALIO DELGADILLO QUIÑONES,323-2544358
153,ESCUELA CECYTEN,SAN BLAS,SANTA CRUZ,EDUCACION,"AGUA, SANITARIOS Y LUZ ELECTRICA",150,21.432561111111113,105.19788333333334,10,SANDRA LUZ SOTO PEREZ,323-2549033
154,ESCUELA SECUNDARIA TECNICA NO. 31,SAN BLAS,SANTA CRUZ,EDUCACION,"AGUA, SANITARIOS Y LUZ ELECTRICA",100,21.432561111111113,105.19788333333334,10,KARINA JUDITH MEZA GONZALEZ,327-978-18-30            327-978-18-29
155,SALON EJIDAL,SAN BLAS,SANTA CRUZ,EJIDAL,"AGUA, SANITARIOS Y LUZ ELECTRICA",100,21.432561111111113,105.19788333333334,10,JUAN FRANCISCO ARIAS,327-102-41-13
156,JARDIN DE NIÑOS FRANCISCO VILLEGAS,SAN BLAS,EL LLANO,EDUCACION,"AGUA, SANITARIOS Y LUZ ELECTRICA",50,21.418916666666668,105.17880000000001,30,LEONARDO GONZALEZ CELAYA,323-2549088
157,TELESECUNDARIA  MOISES MOLINA,SAN BLAS,EL LLANO,EDUCACION,"AGUA, SANITARIOS Y LUZ ELECTRICA",150,21.418916666666668,105.17880000000001,30,EDELMIRA TORRES                RAFAEL ANTONIO PORTILLO,323-2549095
158,ESCUELA SECUNDARIA MOISES SAENZ GARZA,SAN BLAS,JALCOCOTAN,EDUCACION,"AGUA, SANITARIOS Y LUZ ELECTRICA",250,21.479255555555554,105.10010555555554,440,MANUEL SANTANA AGUILAR,327-231-06-30
159,CEBETA EXTENCION JALCOCOTAN,SAN BLAS,JALCOCOTAN,EDUCACION,"AGUA, SANITARIOS Y LUZ ELECTRICA",100,21.479255555555554,105.10010555555554,440,EZEQUIEL MEDINA RANGEL,327-231-06-52
160,PREPARATORIA GRUPO PERIFERICO DE MECATAN,SAN BLAS,MECATAN,EDUCACION,"AGUA, SANITARIOS Y LUZ ELECTRICA",200,21.536550000000002,105.11925833333332,300,JOSE HERNANDEZ ZUÑIGA,327-105-46-93
161,JARDIN DE NIÑOS FEDERICO FROEBEL,SAN BLAS,MECATAN,EDUCACION,"AGUA, SANITARIOS Y LUZ ELECTRICA",150,21.536550000000002,105.11925833333332,300,MARGARITA RAMOS TAPIA,327-2318153
162,ESCUELA PLAN DE AYUTLA,SAN BLAS,MECATAN,EDUCACION,"AGUA, SANITARIOS Y LUZ ELECTRICA",150,21.536550000000002,105.11925833333332,300,OFELIA PANUCO,
163,ESCUELA SECUNDARIA GENERAL AMADO NERVO,SAN BLAS,MECATAN,EDUCACION,"AGUA, SANITARIOS Y LUZ ELECTRICA",150,21.536550000000002,105.11925833333332,300,CONCEPCION MEDINA PANUCO,311-135-20-75
164,ESCUELA LAZARO CARDENAS,SAN PEDRO LAGUNILLAS,ENTRE MATAMOROS Y CONSTITUCION,EDUCACION,"AGUA, SANITARIOS Y LUZ ELECTRICA",288,21.21556111111111,104.75408888888889,1300,PROFR. JOSE RUIZ RAMIREZ,327-2585655
165,CENTRO SOCIAL EL PADRINO,SAN PEDRO LAGUNILLAS,CARLOS PACHECO S/N,EDUCACION,"AGUA, SANITARIOS Y LUZ ELECTRICA",350,21.219777777777775,104.75195555555555,1300,PEDRO CANISIO PEÑA V.,PCM: 327-2585036  2585004  CEL. 311-1148500
166,C.B.T.A. No. 107,SAN PEDRO LAGUNILLAS,CARRETERA CHAPALILLA KM. 12,EDUCACION,"AGUA, SANITARIOS Y LUZ ELECTRICA",691,21.208572222222223,104.76015277777778,1300,ING. RAMIRO VIDRIO,327-2585288
167,ESCUELA PRIMARIA REVOLUCION,SAN PEDRO LAGUNILLAS,FRENTE AL CUADRO DE PALACIO MUNICIPAL,EDUCACION,"AGUA, SANITARIOS Y LUZ ELECTRICA",295,21.221124999999997,104.75116666666666,1300,PROFR. FELIPE BUENO,327-2585441
168,ESC. SEC. TECNICA NO. 10,SAN PEDRO LAGUNILLAS,AV. TEREBINTOS PROL. HIDALGO.,EDUCACION,"AGUA, SANITARIOS Y LUZ ELECTRICA",178,21.212175,104.75619444444445,1300,PROFR. ADOLFO RUIZ,PCM: 327-2585036  2585004  CEL. 311-1148500
169,SALON EJIDAL,SAN PEDRO LAGUNILLAS,AMADO NERVO,EJIDAL,"AGUA, SANITARIOS Y LUZ ELECTRICA",63,21.081722222222222,104.73126666666667,800,JESUS RODRIGUEZ MEZA,327-2581173  327-2581174
170,ESCUELA PRIMARIA,SAN PEDRO LAGUNILLAS,AMADO NERVO,EDUCACION,"AGUA, SANITARIOS Y LUZ ELECTRICA",40,21.081722222222222,104.73126666666667,800,PROFRA. MARBELLA SALAS CARVAJAL,327-2581173  327-2581174
171,ESCUELA SECUNDARIA,SAN PEDRO LAGUNILLAS,AMADO NERVO,EDUCACION,"AGUA, SANITARIOS Y LUZ ELECTRICA",100,21.081722222222222,104.73126666666667,800,PROFR. JOSE FLORES CORTES,327-2581173  327-2581174
172,JARDIN DE NIÑOS AMADO NERVO,SAN PEDRO LAGUNILLAS,AMADO NERVO,EDUCACION,"AGUA, SANITARIOS Y LUZ ELECTRICA",30,21.081722222222222,104.73126666666667,800,PROFRA. PATRICIA PEÑA PLANCARTE,327-2581173  327-2581174
173,SALON EJIDAL,SAN PEDRO LAGUNILLAS,CUASTECOMATE,EJIDAL,"AGUA, SANITARIOS Y LUZ ELECTRICA",96,21.043433333333336,104.75332222222222,720,JUVENTINO ZUÑIGA ACOSTA,200-1268578
174,ESCUELA PRIMARIA MIGUEL HIDALGO,SAN PEDRO LAGUNILLAS,CUASTECOMATE,EDUCACION,"AGUA, SANITARIOS Y LUZ ELECTRICA",177,21.043433333333336,104.75332222222222,720,PROFRA. MA. ELENA VILLALVAZO CALVILLO,200-1268579
175,JARDIN DE NIÑOS,SAN PEDRO LAGUNILLAS,CUASTECOMATE,EDUCACION,"AGUA, SANITARIOS Y LUZ ELECTRICA",30,21.043433333333336,104.75332222222222,720,PROFRA. ALEIDA INDA RODRIGUEZ,200-1268580
176,ESCUELA SECUNDARIA,SAN PEDRO LAGUNILLAS,CUASTECOMATE,EDUCACION,"AGUA, SANITARIOS Y LUZ ELECTRICA",280,21.043433333333336,104.75332222222222,720,JOSE LUIS HERNANDEZ YERENA,200-1268581
177,ESCUELA PRIMARIA HNOS FLORES MAGON,SAN PEDRO LAGUNILLAS,CERRO PELON,EDUCACION,"AGUA, SANITARIOS Y LUZ ELECTRICA",20,21.10095,104.82063333333333,940,PROFR. JUAN JOSE ROSALES HERNANDEZ,PCM: 327-2585036  2585004  CEL. 311-1148500
178,SALON EJIDAL,SAN PEDRO LAGUNILLAS,TEQUILITA,EJIDAL,"AGUA, SANITARIOS Y LUZ ELECTRICA",72,21.088794444444442,104.79871666666666,900,SILVERIO GONZALEZ,200-1247903
179,TELESECUNDARIA,SAN PEDRO LAGUNILLAS,TEQUILITA,EDUCACION,"AGUA, SANITARIOS Y LUZ ELECTRICA",78,21.088794444444442,104.79871666666666,900,DIRECTOR DEL PLANTEL,200-1247904
180,ESCUELA PRIMARIA,SAN PEDRO LAGUNILLAS,TEQUILITA,EDUCACION,"AGUA, SANITARIOS Y LUZ ELECTRICA",112,21.088794444444442,104.79871666666666,900,PROFRA. CARMINA GONZALEZ AGUIRRE,200-1247905
181,JARDIN DE NIÑOS,SAN PEDRO LAGUNILLAS,CERRO PELON,EDUCACION,"AGUA, SANITARIOS Y LUZ ELECTRICA",10,21.10095,104.82063333333333,940,PROFR. JUAN JOSE ROSALES HERNANDEZ,PCM: 327-2585036  2585004  CEL. 311-1148500
182,SALON EJIDAL,SAN PEDRO LAGUNILLAS,TEQUILITA,EJIDAL,"AGUA, SANITARIOS Y LUZ ELECTRICA",72,21.088794444444442,104.79871666666666,900,SILVERIO GONZALEZ,"200-1247903, 1297904, 1297905"
183,TELESECUNDARIA,SAN PEDRO LAGUNILLAS,TEQUILITA,EDUCACION,"AGUA, SANITARIOS Y LUZ ELECTRICA",78,21.088794444444442,104.79871666666666,900,DIRECTOR DEL PLANTEL,"200-1247903, 1297904, 1297905"
184,ESCUELA PRIMARIA,SAN PEDRO LAGUNILLAS,TEQUILITA,EDUCACION,"AGUA, SANITARIOS Y LUZ ELECTRICA",112,21.088794444444442,104.79871666666666,900,PROFRA. CARMINA GONZALEZ AGUIRRE,"200-1247903, 1297904, 1297905"
185,JARDIN DE NIÑOS,SAN PEDRO LAGUNILLAS,TEQUILITA,EDUCACION,"AGUA, SANITARIOS Y LUZ ELECTRICA",21,21.088794444444442,104.79871666666666,900,PROFRA. KARINE AGUIRRE,"200-1247903, 1297904, 1297905"
186,"ESC. PRIM. ""ADOLFO LOPEZ MATEOS""",SANTA MARIA DEL ORO,LA LABOR,EDUCACION,"AGUA, SANITARIOS Y LUZ ELECTRICA",60,21.37201111111111,104.71996666666666,1060,FRANCISCO BUENO CONTRERAS,3272190276
187,"ESC. SEC. ""EMILIANA ZAPATA""",SANTA MARIA DEL ORO,LA LABOR,EDUCACION,"AGUA, SANITARIOS Y LUZ ELECTRICA",30,21.37201111111111,104.71996666666666,1060,FRANCISCO BUENO CONTRERAS,3272190276
188,"ESC. PRIM. ""JUSTO SIERRA""",SANTA MARIA DEL ORO,SANTA MARIA DEL ORO,EDUCACION,"AGUA, SANITARIOS Y LUZ ELECTRICA",110,21.331888888888887,104.58557499999999,1160,DIRECTOR DEL PLANTEL,PCM: 327-2440190  CEL. 3118908620
189,"ESC. SEC. ""RAMON CORONA""",SANTA MARIA DEL ORO,SANTA MARIA DEL ORO,EDUCACION,"AGUA, SANITARIOS Y LUZ ELECTRICA",60,21.336375,104.58491111111111,1160,DIRECTOR DEL PLANTEL,PCM: 327-2440190  CEL. 3118908620
190,"PRE-ESCOLAR ""SALVADOR CERVANTES""",SANTA MARIA DEL ORO,SANTA MARIA DEL ORO,EDUCACION,"AGUA, SANITARIOS Y LUZ ELECTRICA",30,21.988583333333334,104.58555555555554,1160,DIRECTOR DEL PLANTEL,PCM: 327-2440190  CEL. 3118908620
191,"ESC. PRIM. ""VENUSTIANO CARRANZA""",SANTA MARIA DEL ORO,BUCKINGHAM,EDUCACION,"AGUA, SANITARIOS Y LUZ ELECTRICA",60,21.501283333333333,104.62311666666666,660,AUDON CONCHAS HERNANDEZ,2001248016
192,ESC. SEC. FRANCISCO IBARRA NOLASCO,SANTA MARIA DEL ORO,BUCKINGHAM,EDUCACION,"AGUA, SANITARIOS Y LUZ ELECTRICA",30,21.501283333333333,104.62311666666666,660,AUDON CONCHAS HERNANDEZ,2001248017
193,PRE-ESCOLAR TENOCHTITLAN,SANTA MARIA DEL ORO,BUCKINGHAM,EDUCACION,"AGUA, SANITARIOS Y LUZ ELECTRICA",30,21.501283333333333,104.62311666666666,660,AUDON CONCHAS HERNANDEZ,2001248018
194,ESC. PRIM. 20 DE NOVIEMBRE,SANTA MARIA DEL ORO,COL. EL AHUALAMO,EDUCACION,"AGUA, SANITARIOS Y LUZ ELECTRICA",60,21.1692,104.6220361111111,820,RODOLFO LUCIAN,PCM: 327-2440190  CEL. 3118908620
195,"PRE-ESCOLAR ""ENRIQUE C. REBSAMEN",SANTA MARIA DEL ORO,COL. EL AHUALAMO,EDUCACION,"AGUA, SANITARIOS Y LUZ ELECTRICA",30,21.1692,104.6220361111111,820,RODOLFO LUCIAN,PCM: 327-2440190  CEL. 3118908620
196,ESC. PRIM. AQUILES SERDAN,SANTA MARIA DEL ORO,COL. MODERNA,EDUCACION,"AGUA, SANITARIOS Y LUZ ELECTRICA",60,21.467805555555554,104.65622222222223,840,MANUEL ULLOA PEREZ,3272193048
197,ESC. SEC. PEDRO ORTEGA ULLOA,SANTA MARIA DEL ORO,COL. MODERNA,EDUCACION,"AGUA, SANITARIOS Y LUZ ELECTRICA",30,21.467805555555554,104.65622222222223,840,MANUEL ULLOA PEREZ,3272193046
198,PRE-ESCOLAR ESTEBAN BACA CALDERÓN,SANTA MARIA DEL ORO,COL. MODERNA,EDUCACION,"AGUA, SANITARIOS Y LUZ ELECTRICA",30,21.467805555555554,104.65622222222223,840,MANUEL ULLOA PEREZ,3272193046
199,"ESC. PRIM. ""20 DE NOVIEMBRE""",SANTA MARIA DEL ORO,CERRO BLANCO,EDUCACION,"AGUA, SANITARIOS Y LUZ ELECTRICA",60,21.376655555555555,104.62168888888888,960,ARTURO NUÑOZ MONTES,2001268630
200,ESC. SEC. CANDIDO SALAZAR,SANTA MARIA DEL ORO,CERRO BLANCO,EDUCACION,"AGUA, SANITARIOS Y LUZ ELECTRICA",30,21.376655555555555,104.62168888888888,960,ARTURO NUÑOZ MONTES,2001268631
201,ESC. PRIM. FRANCISCO I. MADERO,SANTA MARIA DEL ORO,COFRADÍA DE ACUITAPILCO,EDUCACION,"AGUA, SANITARIOS Y LUZ ELECTRICA",60,21.34518333333333,104.52512222222222,740,FRANCISCO RODRIGUEZ AGUILAR,2001268521
202,ESC. SEC. FRANCISCO VILLA,SANTA MARIA DEL ORO,COFRADÍA DE ACUITAPILCO,EDUCACION,"AGUA, SANITARIOS Y LUZ ELECTRICA",30,21.34518333333333,104.52512222222222,740,FRANCISCO RODRIGUEZ AGUILAR,2001268522
203,PRE-ESCOLAR AMADO NERVO,SANTA MARIA DEL ORO,COFRADÍA DE ACUITAPILCO,EDUCACION,"AGUA, SANITARIOS Y LUZ ELECTRICA",20,21.34518333333333,104.52512222222222,740,FRANCISCO RODRIGUEZ AGUILAR,2001268523
204,ESC. PRIM. MARTIRES DE LA REVOLUCION,SANTA MARIA DEL ORO,ZAPOTANITO,EDUCACION,"AGUA, SANITARIOS Y LUZ ELECTRICA",60,21.305644444444447,104.60950555555554,1160,ROMAN CIENFUEGOS MOTA,3272440055
205,ESC. SEC. CRISPIN ULLOA CIENFUEGOS,SANTA MARIA DEL ORO,ZAPOTANITO,EDUCACION,"AGUA, SANITARIOS Y LUZ ELECTRICA",30,21.305644444444447,104.60950555555554,1160,ROMAN CIENFUEGOS MOTA,3272440055
206,PRE-ESCOLAR LEONA VICARIO,SANTA MARIA DEL ORO,ZAPOTANITO,EDUCACION,"AGUA, SANITARIOS Y LUZ ELECTRICA",30,21.305644444444447,104.60950555555554,1160,ROMAN CIENFUEGOS MOTA,3272440055
207,ESC. PRIM. MIGUEL HIDALGO,SANTA MARIA DEL ORO,SAN LEONEL,EDUCACION,"AGUA, SANITARIOS Y LUZ ELECTRICA",60,21.349955555555553,104.70226666666667,1100,ARTURO GAMBOA LOPEZ,3272190188
208,ESC. PRIM. FRANCISCO I. MADERO,SANTA MARIA DEL ORO,SAN LEONEL,EDUCACION,"AGUA, SANITARIOS Y LUZ ELECTRICA",30,21.349955555555553,104.70226666666667,1100,ARTURO GAMBOA LOPEZ,3272190188
209,PRE-ESCOLAR AURORA VELAZQUEZ RODRIGUEZ,SANTA MARIA DEL ORO,SAN LEONEL,EDUCACION,"AGUA, SANITARIOS Y LUZ ELECTRICA",30,21.349955555555553,104.70226666666667,1100,ARTURO GAMBOA LOPEZ,3272190188
210,ESC. PRIM. DANIEL DELGADILLO,SANTA MARIA DEL ORO,CHAPALILLA,EDUCACION,"AGUA, SANITARIOS Y LUZ ELECTRICA",80,21.19008888888889,104.64080000000001,880,SANTOS RIVERA AVILA,3272444408
211,ESC. SEC. EMILIANO ZAPATA,SANTA MARIA DEL ORO,CHAPALILLA,EDUCACION,"AGUA, SANITARIOS Y LUZ ELECTRICA",60,21.19008888888889,104.64080000000001,880,SANTOS RIVERA AVILA,3272444408
212,PRE-ESCOLAR LAZARO CARDENAS,SANTA MARIA DEL ORO,CHAPALILLA,EDUCACION,"AGUA, SANITARIOS Y LUZ ELECTRICA",30,21.19008888888889,104.64080000000001,880,SANTOS RIVERA AVILA,3272444408
213,PRESIDENCIA MUNICIPAL,SANTIAGO IXCUINTLA,MORELOS S/N ZONA CENTRO,GOBIERNO MUNICIPAL,"AGUA, SANITARIOS Y LUZ ELECTRICA",200,48.67638888888889,105.20983611111112,40,FOMENTO MUNICIPAL,PCM: 323-2353220                     CEL. 323-1063925
214,ESCUELA PRIMARIA  “JUAN ESCUTIA”,SANTIAGO IXCUINTLA,JUAREZ Y GALEANA,EDUCACION,"AGUA, SANITARIOS Y LUZ ELECTRICA",160,21.810047222222224,105.20875833333334,40,DIRECTOR,323-2350731
215,"ESCUELA PRIMARIA "" TENIENTE CORONEL """,SANTIAGO IXCUINTLA,JIMENEZ Y CARDENAS,EDUCACION,"AGUA, SANITARIOS Y LUZ ELECTRICA",300,21.811280555555555,105.21629222222222,40,DIRECTOR,323-2350110
216,ESCUELA “JUANA DE ASBAJE”,SANTIAGO IXCUINTLA,MORELOS ENTRE 20 DE NOV. Y ZARAGOZA,EDUCACION,"AGUA, SANITARIOS Y LUZ ELECTRICA",180,21.808130555555557,105.20656666666667,40,DIRECTOR,323-2350744
217,"ESCUELA PRIMARIA             "" EDUARDO MARTINEZ""",SANTIAGO IXCUINTLA,20 DE NOVIEMBRE ZONA CENTRO,EDUCACION,"AGUA, SANITARIOS Y LUZ ELECTRICA",220,21.80850277777778,105.20688333333334,40,DIRECTOR,323-2350280
218,ESCUELA PRIMARIA SALVADOR DIAZ DE LEON,SANTIAGO IXCUINTLA,LAZARO CARDENAS Y JIMENEZ,EDUCACION,"AGUA, SANITARIOS Y LUZ ELECTRICA",200,21.815491666666667,105.21004444444445,40,CRUZ PEÑA UREÑA,PCM: 323-2353220                     CEL. 323-1063925
219,ESCUELA SECUNDARIA LEYES DE REFORMA,SANTIAGO IXCUINTLA,ECHEVERRIA Y LUIS FIGUEROA,EDUCACION,"AGUA, SANITARIOS Y LUZ ELECTRICA",220,21.813908333333334,105.2084888888889,40,DIRECTOR,323-2350784
220,UNIVERSIDAD TECNOLOGICA DE LA COSTA,SANTIAGO IXCUINTLA,KM. 5 CARRET. A SANTIAGO,EDUCACION,"AGUA, SANITARIOS Y LUZ ELECTRICA",500,21.816636111111112,105.19620277777778,40,RECTOR,PCM: 323-2353220                     CEL. 323-1063925
221,ESC. PREPARATORIA NO. 2,SANTIAGO IXCUINTLA,NICOLAS ECHEVARRIA Y MEXICO,EDUCACION,"AGUA, SANITARIOS Y LUZ ELECTRICA",1000,21.813288888888888,105.20326111111112,40,DIRECTOR,3232350656
222,ESCUELA PRIMARIA RAFAEL BUELNA,SANTIAGO IXCUINTLA,EL CORTE,EDUCACION,"AGUA, SANITARIOS Y LUZ ELECTRICA",300,21.719588888888886,105.24431666666666,10,ANGEL ALFONSO RODRIGUEZ,323-2362193
223,SALON EJIDAL,SANTIAGO IXCUINTLA,EL CORTE,EJIDAL,"AGUA, SANITARIOS Y LUZ ELECTRICA",80,21.719588888888886,105.24431666666666,10,YOLANDA IBARRA ARELLLANO,323-2362193
224,ESCUELA TELESECUNDARIA,SANTIAGO IXCUINTLA,EL CORTE,EDUCACION,"AGUA, SANITARIOS Y LUZ ELECTRICA",150,21.719588888888886,105.24431666666666,10,JUAN ESCUTIA NO. 6,323-2362193
225,SALON EJIDAL,SANTIAGO IXCUINTLA,BOCA DE CAMICHIN,EJIDAL,"AGUA, SANITARIOS Y LUZ ELECTRICA",250,21.746422222222222,105.48968888888889,5,PRESIDENTE DEL COMISARIADO EJIDAL,323-2349000                323-2349006
226,ESCUELA PRIMARIA GILBERTO FLORES MUÑOZ,SANTIAGO IXCUINTLA,PUERTA DE MANGOS,EDUCACION,"AGUA, SANITARIOS Y LUZ ELECTRICA",160,21.716994444444442,105.33531666666666,10,JULIA CHAVARIN VARGAS,323-2330010
227,SALON EJIDAL,SANTIAGO IXCUINTLA,PUERTA DE MANGOS,EJIDAL,"AGUA, SANITARIOS Y LUZ ELECTRICA",250,21.716994444444442,105.33531666666666,10,PRESIDENTE DEL COMISARIADO EJIDAL,323-2330011
228,JARDIN DE NIÑOS GREGORIO TORRES QUINTERO,SANTIAGO IXCUINTLA,PUERTA DE MANGOS,EDUCACION,"AGUA, SANITARIOS Y LUZ ELECTRICA",50,21.716994444444442,105.33531666666666,10,NORMA ANGELICA GARCIA FONSECA,323-2330012
229,ESCUELA SECUNDARIA NARCISO BASEOLS,SANTIAGO IXCUINTLA,PUERTA DE MANGOS,EDUCACION,"AGUA, SANITARIOS Y LUZ ELECTRICA",110,21.716994444444442,105.33531666666666,10,MARCO ANTONIO SATARAN SOTO,323-2330010
230,ESCUELA PRIMARIA REVOLUCION,SANTIAGO IXCUINTLA,BOTADERO,EDUCACION,"AGUA, SANITARIOS Y LUZ ELECTRICA",200,21.754919444444443,105.2863111111111,10,PROF. GILBERTO DELGADO LOPEZ,323-2354570
231,ESCUELA SECUNDARIA TECNICA RAFAEL MEJIA AMARAL,SANTIAGO IXCUINTLA,BOTADERO,EDUCACION,"AGUA, SANITARIOS Y LUZ ELECTRICA",50,21.754919444444443,105.2863111111111,10,PROF. MARCOS DELGADILLO LARIOS,323-2354571
232,SALON EJIDAL,SANTIAGO IXCUINTLA,BOTADERO,EJIDAL,"AGUA, SANITARIOS Y LUZ ELECTRICA",250,21.754919444444443,105.2863111111111,10,PRESIDENTE DEL COMISARIADO EJIDAL,323-2354570             323-2354571
233,SALON EJIDAL,SANTIAGO IXCUINTLA,CERRITOS,EJIDAL,"AGUA, SANITARIOS Y LUZ ELECTRICA",250,21.78108888888889,105.27128333333333,10,PRESIDENTE DEL COMISARIADO EJIDAL,PCM: 323-2353220                     CEL. 323-1063925
234,ESCUELA SECUNDARIA FRANCISCO JAVIER CLAVILLERO,SANTIAGO IXCUINTLA,EL CAPOMAL,EDUCACION,"AGUA, SANITARIOS Y LUZ ELECTRICA",90,21.83957222222222,105.12119999999999,45,MARIA ENGRACIA RUIZ ROBLES,323-2376176
235,ESCUELA PRIMARIA FRANCISCO GONZALEZ BOCANEGRA,SANTIAGO IXCUINTLA,EL CAPOMAL,EDUCACION,"AGUA, SANITARIOS Y LUZ ELECTRICA",150,21.83957222222222,105.12119999999999,45,ROCIO OLEA BUENROSTRO,323-2376177
236,ESCUELA PRIMARIA,SANTIAGO IXCUINTLA,AMAPA,EDUCACION,"AGUA, SANITARIOS Y LUZ ELECTRICA",250,21.783133333333332,105.25622222222222,10,DIRECTOR,PCM: 323-2353220                     CEL. 323-1063925
237,SALON EJIDAL,SANTIAGO IXCUINTLA,AMAPA,EJIDAL,"AGUA, SANITARIOS Y LUZ ELECTRICA",250,21.783133333333332,105.25622222222222,10,PRESIDENTE DEL COMISARIADO EJIDAL,PCM: 323-2353220                     CEL. 323-1063925
238,ESCUELA PRIMARIA VENUSTIANO CARRANZA,SANTIAGO IXCUINTLA,VILLA HIDALGO,EDUCACION,"AGUA, SANITARIOS Y LUZ ELECTRICA",240,21.74576111111111,105.23165833333333,30,ESPERANZA FLORES RODRIGUEZ,PCM: 323-2353220                     CEL. 323-1063925
239,SALON EJIDAL,SANTIAGO IXCUINTLA,VILLA HIDALGO,EDUCACION,"AGUA, SANITARIOS Y LUZ ELECTRICA",300,21.741319444444446,105.23314722222223,30,JUAN GONZALES LOPEZ,PCM: 323-2353220                     CEL. 323-1063925
240,JARDIN DE NIÑOS BLANCA SANTANDER,SANTIAGO IXCUINTLA,VILLA HIDALGO,EDUCACION,"AGUA, SANITARIOS Y LUZ ELECTRICA",170,21.737858333333335,105.23424166666666,30,MA. DEL ROSARIO HERNANDEZ GARCIA,PCM: 323-2353220                     CEL. 323-1063925
241,ESCUELA CECYTEN PLANTEL 05,SANTIAGO IXCUINTLA,VILLA HIDALGO,EDUCACION,"AGUA, SANITARIOS Y LUZ ELECTRICA",210,21.736780555555555,105.23128055555556,30,PEDRO RUIZ ALCANTAR,PCM: 323-2353220                     CEL. 323-1063925
242,ESCUELA PRIMARIA,SANTIAGO IXCUINTLA,CAÑADA DEL TABACO,EDUCACION,"AGUA, SANITARIOS Y LUZ ELECTRICA",250,21.709933333333332,105.35425555555555,10,DIRECTOR,323-2389118
243,SALON EJIDAL,SANTIAGO IXCUINTLA,CAÑADA DEL TABACO,EJIDAL,"AGUA, SANITARIOS Y LUZ ELECTRICA",250,21.709933333333332,105.35425555555555,10,PRESIDENTE DEL COMISARIADO EJIDAL,323-2389119
244,ESCUELA PRIMARIA “ESTADO DE MORELOS” TEL. 01389-253-07-36,TECUALA,GALEANA Y COLIMA,EDUCACION,"AGUA, SANITARIOS Y LUZ ELECTRICA",260,22.39478611111111,105.45156944444444,15,PROFRA. MARTHA ALICIA CONTRERAS ALARCON,389-2530736
246,ESCUELA PRIMARIA “CONSTITUCIÓN DE 1857”  TEL. 01389-253-15-66,TECUALA,ENTRADA CARRETERA TECUALA-ACAPONETA (LOCALIDAD TECUALA),EDUCACION,"AGUA, SANITARIOS Y LUZ ELECTRICA",500,22.403086111111108,105.45702777777778,15,DIR. ARON CUAUTEMOC ANGULO GOMEZ O NICOLAS RAMOS GARCIA,ESC 389-2531566           CEL  325-1025932                 CASA 389-2533186         CEL DIRRECTOR 311-1088417
247,ESCUELA PRIMARIA “LEONA VICARIO”  TEL. 01389-253-01-00,TECUALA,ZARAGOZA Y PUEBLA,EDUCACION,"AGUA, SANITARIOS Y LUZ ELECTRICA",200,22.394894444444443,105.4600138888889,15,MARCO ANTONIO CEDANO GONZALEZ,389-2530100            CASA 389-2503421
248,JARDÍN DE NIÑOS “FRANCISCO BENÍTEZ SILVA”,TECUALA,JUAN ESCUTIA Y PUEBLA,EDUCACION,"AGUA, SANITARIOS Y LUZ ELECTRICA",150,22.402033333333332,105.46157777777778,15,,389-2530720
249,ESCUELA PRIMARIA “COLEGIO MOCTEZUMA”  TEL. 01389-253-02-79,TECUALA,MÉXICO E ITURBIDE,EDUCACION,"AGUA, SANITARIOS Y LUZ ELECTRICA",260,22.402302777777777,105.45764166666667,15,TEOFILO RENDON GARCIA,389-2530279           CEL 389-1027961
250,ESCUELA PREPARATORIA No. 4 “LUIS CASTILLO L.”   TEL. 01389-253-22-47,TECUALA,MÉXICO Y AMADO NERVO,EDUCACION,"AGUA, SANITARIOS Y LUZ ELECTRICA",400,22.402752777777778,105.45727500000001,15,LIC. MARIANO LIZARRAGA AVALOS,389-2532247
251,ESC. SEC. FEDERAL “NIÑOS HÉROES”   TEL. 01389-253-08-48,TECUALA,LUIS DONALDO COLSIO ESQ. NIÑOS HEROES,EDUCACION,"AGUA, SANITARIOS Y LUZ ELECTRICA",500,22.403780555555553,105.45507500000001,15,OSCAR JAVIER CASTORENA GOMEZ,389-2530840            CASA 389-2532072
252,ESCUELA SECUDARIA “AMADO NERVO”,TECUALA,JUÁREZ Y GUADALAJARA,EDUCACION,"AGUA, SANITARIOS Y LUZ ELECTRICA",500,22.39571388888889,105.45786111111111,15,BERTHA DORA GARIBAY BARRON,389-2530213        CEL 311-2667307
253,JARDÍN DE NIÑOS “BERTHA VON GLUMER”,TECUALA,COLIMA Y ABASOLO,EDUCACION,"AGUA, SANITARIOS Y LUZ ELECTRICA",50,22.3952,105.4517,15,PROFRA. MARIA DEL  CARMEN LOPEZ DELGADILLO,PCM: 389-2532155   CEL. 389-1024970
254,JARDÍN DE NIÑOS “CUAUHTÉMOC”,TECUALA,COLIMA Y AMADO NERVO,EDUCACION,"AGUA, SANITARIOS Y LUZ ELECTRICA",50,22.402377777777776,105.45374166666667,15,DIRECTOR DEL PLANTEL,389-2530218
255,JARDÍN DE NIÑOS “JUAN ESCUTIA”,TECUALA,HIDALGO No. 50 ORIENTE,EDUCACION,"AGUA, SANITARIOS Y LUZ ELECTRICA",140,22.397305555555555,105.45669166666667,15,DIRECTOR DEL PLANTEL,389-2530107
256,EDIFICIO DE LA CTM,TECUALA,ZAROAGOZA OTE. S/N,GREMIO LABORAL,"AGUA, SANITARIOS Y LUZ ELECTRICA",100,22.396402777777777,105.45244444444445,15,PROFRA NORMA DELIA DIAZ MORENO,389-2532946
257,SALON EJIDAL DE TECUALA,TECUALA,ZARAGOZA Y PUEBLA,EJIDAL,"AGUA, SANITARIOS Y LUZ ELECTRICA",250,22.39426388888889,105.45982222222223,15,AGUSTIN JIMENEZ ESQUIVEL,389-2532334
258,D.I.F. MUNICIPAL,TECUALA,ESCOBEDO Y OAXACA,GOBIERNO MUNICIPAL,"AGUA, SANITARIOS Y LUZ ELECTRICA",50,22.394655555555556,105.45661666666668,15,SRA. LEONOR VAZQUEZ DE DIAZ ESCOBEDO,PCM: 389-2532155   CEL. 389-1024970
259,PRESIDENCIA MUNICIPAL,TECUALA,MEXICO SUR S/N,GOBIERNO MUNICIPAL,"AGUA, SANITARIOS Y LUZ ELECTRICA",100,22.395130555555554,105.45616666666668,15,PRESIDENTE MUNICIPAL,389-2532155
260,EMERGENTES PRESIDENCIA MUNICIPAL,TEPIC,PUEBLA Y AMADO NERVO  S/N ZONA CENTRO,GOBIERNO MUNICIPAL,"AGUA, SANITARIOS Y LUZ ELECTRICA",100,21.512455555555555,104.89264444444446,920,PRESIDENTE MUNICIPAL,311-2165523
261,CONALEP,TEPIC,AV. CONALEP # 1 COL. ING AGRONOMO,EDUCACION,"AGUA, SANITARIOS Y LUZ ELECTRICA",150,21.52758888888889,104.87958611111111,915,LETICIA DE LA PAZ AGUIAR DUEÑAS,311-2120919             CEL  311-1125755
262,ESC. LUIS ECHEVARRIA ALVARES,TEPIC,LUIS ECHEVARRIA # 40 COL. INFONAVIT EL MIRADOR,EDUCACION,"AGUA, SANITARIOS Y LUZ ELECTRICA",60,21.524938888888887,104.88688055555556,915,JOSE JUAN SANCHEZ TOPETE,311-4564079          CEL 311-1842221
263,JARDÍN DE NIÑOS SIMON BOLIVAR,TEPIC,JOSE LIMON GUZMÁN # 34 COL. FCO. VILLA,EDUCACION,"AGUA, SANITARIOS Y LUZ ELECTRICA",30,21.528938888888888,104.8876388888889,915,MARIA ELENA LOPEZ RIVERA,311-1006259
264,ESC. SEC. LAZARO CARDENAS,TEPIC,JILGUERO ESQ. COLIBRÍ COL. LAS AVES,EDUCACION,"AGUA, SANITARIOS Y LUZ ELECTRICA",60,21.496025,104.88110833333333,915,PROF. BEATRIZ ROMERO VARGAS,311-2143055
265,ESC. SEC. TÉCNICA REVOLUCION No. 36,TEPIC,MARTIRES DEL 26 DE SEP. ESQ. FCO. VILLA,EDUCACION,"AGUA, SANITARIOS Y LUZ ELECTRICA",130,21.504083333333334,104.87409444444444,915,SARA CARMEN MARTINEZ RODARTE,311-2165733
266,ESC. SEC. JUAN ESPINOSA BÁVARA,TEPIC,CALLE 8 ESQ. MORELOS COL. EL RODEO,EDUCACION,"AGUA, SANITARIOS Y LUZ ELECTRICA",100,21.52497222222222,104.92116666666666,940,J JESUS PARADA RUBIO,311-2127030
267,COLEGIO CRISTÓBAL COLON,TEPIC,BOULEVARD TEPIC-XALISCO S/N,EDUCACION,"AGUA, SANITARIOS Y LUZ ELECTRICA",300,21.489744444444444,104.89510833333334,930,ROBERTO ALDRETE PADILLA,311-2131314
268,COLEGIO CRISTÓBAL COLON,TEPIC,FRENTA A CETIS 100,EDUCACION,"AGUA, SANITARIOS Y LUZ ELECTRICA",300,21.478424999999998,104.89479722222222,930,CIPRIANO ZUÑIGA A.,311-2107003
269,"PRIMARIO UAN PREPARATORIA No,1",TEPIC,UNIVERSIDAD AUTONOMA DE NAYARIT,EDUCACION,"AGUA, SANITARIOS Y LUZ ELECTRICA",500,21.49546666666667,104.89025277777779,930,DIRECTOR DEL PLANTEL,311-2118828
270,U.A.N. EN SU TOTALIDAD,TEPIC,UNIVERSIDAD AUTONOMA DE NAYARIT,EDUCACION,"AGUA, SANITARIOS Y LUZ ELECTRICA",4000,21.49057777777778,104.89490277777779,930,RECTOR DE LA U.A.N.,311-2118800
271,ESCUELA PRIMARIA “JUSTO SIERRA”,TUXPAN,INDEPENDENCIA Y FORTUNA,EDUCACION,"AGUA, SANITARIOS Y LUZ ELECTRICA",300,21.944758333333333,105.30222222222221,10,FIDEL JOSE BUENO MEDINA,319-2320495                319-2321839               CEL 311-2625707
272,ESCUELA PRIMARIA “JOSÉ MARÍA MORELOS Y PAVÓN”,TUXPAN,INDEPENDENCIA Y ZARAGOZA,EDUCACION,"AGUA, SANITARIOS Y LUZ ELECTRICA",300,21.94497777777778,105.298625,10,SAUL GALINDO FIGUEROA,319-2320009
273,ESC. SEC. FEDERAL “IGNACIO ZARAGOZA”,TUXPAN,INDEPENDENCIA E ITURBIDE,EDUCACION,"AGUA, SANITARIOS Y LUZ ELECTRICA",300,21.942422222222223,105.29232499999999,10,DIRECTOR DEL PLANTEL,319-2320503
274,ESCUELA PRIMARIA ADOLFO LOPEZ MATEOS,TUXPAN,CALLE MANUEL URIBE Y CORONA,EDUCACION,"AGUA, SANITARIOS Y LUZ ELECTRICA",300,21.939233333333334,105.28680277777778,10,DIRECTOR DEL PLANTEL,319-2323544
275,JARDÍN DE NIÑOS “LAURELES Y GÓNGORA”,TUXPAN,CALLE FORTUNA Y LIBERTAD,EDUCACION,"AGUA, SANITARIOS Y LUZ ELECTRICA",160,21.942855555555557,105.30259722222222,10,DIRECTOR DEL PLANTEL,319-2323987
276,SALON EJIDAL,TUXPAN,INDEPENDENCIA Y LERDO,EJIDAL,"AGUA, SANITARIOS Y LUZ ELECTRICA",150,21.944305555555555,105.30066666666666,10,PDTE. PEDRO FLORES CARRILLO,319-2320072
277,PREPARATORIA No:5,TUXPAN,INDEPENDENCIA,EDUCACION,"AGUA, SANITARIOS Y LUZ ELECTRICA",400,21.941169444444444,105.28468055555555,10,Héctor ENRIQUE SEDANO,319-2322710
278,ESC. SEC. FED. “HERIBERTO JARA”,TUXPAN,"CARRETERA TUXPAN, PEÑAS",EDUCACION,"AGUA, SANITARIOS Y LUZ ELECTRICA",400,21.941944444444445,105.27993055555555,10,BERNARDINO PARADA RUBIO,319-2320497
279,ESCUELA AQUILES SERDAN,TUXPAN,UNION DE CORRIENTES,EDUCACION,"AGUA, SANITARIOS Y LUZ ELECTRICA",500,21.97533888888889,105.43002777777778,10,MA. DE JESUS PARTIDA RUIZ,319-2320477
280,ESCUELA RAMON PEREZ VAZQUEZ,TUXPAN,UNION DE CORRIENTES,EDUCACION,"AGUA, SANITARIOS Y LUZ ELECTRICA",400,21.97533888888889,105.43002777777778,10,JAVIER CEJA JIMENEZ,319-2320710
281,ESCUELA JOSE VASCONSELOS,TUXPAN,PEÑAS,EDUCACION,"AGUA, SANITARIOS Y LUZ ELECTRICA",250,21.943855555555555,13.411388888888888,20,ANDRES ESTRADA PRECIADO,319-2323062
282,EDIFICIO DEL DIF MUNICIPAL,LA YESCA,PUENTE DE CAMOTLAN,EDUCACION,"AGUA, SANITARIOS Y LUZ ELECTRICA",100,21.699594444444443,104.07835555555555,1100,JORGE ANTONIO SANDOVAL BENAVIDEZ,311-2581174                   311-2581176
284,EDIFICIO DEL DIF,LA YESCA,HUAJIMIC,GOBIERNO MUNICIPAL,"AGUA, SANITARIOS Y LUZ ELECTRICA",100,21.682566666666666,104.31613888888889,1110,RAQUEL DEL REAL GAMBOA,311-2581174                   311-2581176
285,ESCUELA PRIMARIA IGNACIO ZARAGOZA,LA YESCA,HUAJIMIC,EDUCACION,"AGUA, SANITARIOS Y LUZ ELECTRICA",100,21.682566666666666,104.31613888888889,1110,BLADIMIR BARAJAS DE LA TORRE,311-2581174                   311-2581176
286,PRESIDENCIA MUNICIPAL,LA YESCA,LA YESCA,GOBIERNO MUNICIPAL,"AGUA, SANITARIOS Y LUZ ELECTRICA",100,21.318577777777776,104.00895555555556,1400,MARCOS FLORES MEDINA,044311-1227149
287,"CASA DE GOBIERNO MUNICIPAL ""LOS PINOS""",LA YESCA,LA YESCA,GOBIERNO MUNICIPAL,"AGUA, SANITARIOS Y LUZ ELECTRICA",100,21.318577777777776,104.00895555555556,1400,MARCOS FLORES MEDINA,044311-1227149
288,DELEGACION MUNICIPAL,LA YESCA,APOZOLCO,GOBIERNO MUNICIPAL,"AGUA, SANITARIOS Y LUZ ELECTRICA",100,21.428686111111112,103.90947222222223,660,MARTIN ESCOBEDO SOTO,555-1519315
289,ESCUELA SECUNDARIA,LA YESCA,APOZOLCO,EDUCACION,"AGUA, SANITARIOS Y LUZ ELECTRICA",100,21.428686111111112,103.90947222222223,660,J. MARIO PEREZ VALDIVIA,555-1519315
290,DELEGACION MUNICIPAL,LA YESCA,CORTAPICO,EDUCACION,"AGUA, SANITARIOS Y LUZ ELECTRICA",100,21.475252777777776,103.8006861111111,1040,ORENCIO MACIAS MIRAMONTES,555-1519321
291,ESCUELA PRIMARIA HIMNO NACIONAL,LA YESCA,CORTAPICO,EDUCACION,"AGUA, SANITARIOS Y LUZ ELECTRICA",50,21.475252777777776,103.8006861111111,1040,LOURDES HERNANDEZ RUIZ,555-1519321
292,CASA DEL MAESTRO,LA YESCA,AMATLAN DE JORA,EDUCACION,"AGUA, SANITARIOS Y LUZ ELECTRICA",50,21.389216666666666,104.13607777777779,1200,LUIS AGUILAR SILVA,555-1519318
293,BODEGA DE USOS MULTIPLES,LA YESCA,HACIENDA AMBAS AGUAS,BODEGA,"AGUA, SANITARIOS Y LUZ ELECTRICA",200,21.35428888888889,104.16771944444444,1040,BALTAZAR ROJAS,555-1503591
294,SALON EJIDAL,XALISCO,PANTANAL,EJIDAL,"AGUA, SANITARIOS Y LUZ ELECTRICA",100,21.42550277777778,104.85950277777778,960,EPIFANIO LOPEZ VIZCARRA,311-2190136
295,SALON EJIDAL,XALISCO,CUARENTEÑO,EJIDAL,"AGUA, SANITARIOS Y LUZ ELECTRICA",50,21.458916666666667,105.0286888888889,1020,FRANCISCO DE DIOS PADILLA,200-1248022
296,SALON EJIDAL,XALISCO,PALAPITAS,EJIDAL,"AGUA, SANITARIOS Y LUZ ELECTRICA",30,21.428633333333334,105.05959722222222,580,JORGE FLORES CASTELLON,PCM: 311-2112020    CEL. 044311-1256098
297,SALON EJIDAL,XALISCO,TEPOZAL,EJIDAL,"AGUA, SANITARIOS Y LUZ ELECTRICA",40,21.387238888888888,105.06624166666667,300,CRESCENCIANO ZUÑIGA TORRES,PCM: 311-2112020    CEL. 044311-1256098
298,SALON EJIDAL,XALISCO,EL MALINAL,EJIDAL,"AGUA, SANITARIOS Y LUZ ELECTRICA",50,21.369844444444446,105.02505555555555,700,RAMON GARCIA REA,200-1247992
299,SALON EJIDAL,XALISCO,SAN ANTONIO,EJIDAL,"AGUA, SANITARIOS Y LUZ ELECTRICA",40,21.369658333333334,105.06566944444444,400,JUAN ANTONIO ISIORDIA MORALES,PCM: 311-2112020    CEL. 044311-1256098
300,SALON EJIDAL,XALISCO,JUAN ESCUTIA,EJIDAL,"AGUA, SANITARIOS Y LUZ ELECTRICA",20,21.349194444444443,105.11481111111111,120,COMISARIADO EJIDAL,PCM: 311-2112020    CEL. 044311-1256098
301,SALON EJIDAL,XALISCO,EL TESTERAZO,EJIDAL,"AGUA, SANITARIOS Y LUZ ELECTRICA",50,21.401977777777777,104.89357777777778,1020,COMISARIADO EJIDAL,311-2113760
302,SALON EJIDAL,XALISCO,AQUILES SERDAN,EJIDAL,"AGUA, SANITARIOS Y LUZ ELECTRICA",40,21.382283333333334,104.88840833333335,960,CRUZ ARGELIO GONZALEZ LOPEZ,PCM: 311-2112020    CEL. 044311-1256098
303,SALON EJIDAL,XALISCO,LA CURVA,EJIDAL,"AGUA, SANITARIOS Y LUZ ELECTRICA",40,21.426522222222225,104.83701111111111,920,ROSALIO ZAMBRANO CARVAJAL,311-2142152
304,SALON EJIDAL,XALISCO,COFRADÍA DE CHOCOLON,EJIDAL,"AGUA, SANITARIOS Y LUZ ELECTRICA",30,21.362894444444446,104.9794888888889,1000,LUIS BERMUDES NAVARRO,200-1268638
305,ESCUELA SECUNDARIA LAZARO CARDENAS,HUAJICORI,CALLE ALDAMA SALIDA  A PICACHOS,EDUCACION,"AGUA, SANITARIOS Y LUZ ELECTRICA",500,22.645422222222223,105.321575,60,MARTHA MARGARITA OROZCO MAYORQUIN,325-2517100              CEL 311-1003311
306,ESCUELA PRIMARIA JIX CHAT,HUAJICORI,SALIDA A QUIVIQUINTA,EDUCACION,"AGUA, SANITARIOS Y LUZ ELECTRICA",50,22.645719444444445,105.32310833333332,60,PANFILA PATRICIA ALVAREZ BARRAZA,PCM: 325-2517060    CEL. 325-2517177
307,JARDIN DE NIÑOS SOR JUANA INES DE LA CRUZ,HUAJICORI,P. SANCHEZ Y ALDAMA,EDUCACION,"AGUA, SANITARIOS Y LUZ ELECTRICA",100,22.6376,105.31908055555556,60,SANDRA L. JIMENEZ HERNANDEZ,PCM: 325-2517060    CEL. 325-2517177
308,JARDIN DE NIÑOS FCO. GAVILONDO SOLER,HUAJICORI,ALDAMA Y ABASOLO,EDUCACION,"AGUA, SANITARIOS Y LUZ ELECTRICA",100,22.641897222222223,105.32012777777777,60,NORMA PATRICIA CASTAÑEDA GONZALEZ,PCM: 325-2517060    CEL. 325-2517177
309,ESCUELA PRIMARIA ESTADO DE TAMAULIPAS,HUAJICORI,CALLE P. SANCHEZ Y GRAL GUZMAN,EDUCACION,"AGUA, SANITARIOS Y LUZ ELECTRICA",300,22.6374,105.32080277777777,60,PROFA. MA DEL SOCORRO MONTEON,PCM: 325-2517060    CEL. 325-2517177
310,SALON EJIDAL,HUAJICORI,CALLE P. SANCHEZ S/N,EJIDAL,"AGUA, SANITARIOS Y LUZ ELECTRICA",150,22.636997777777776,105.3202,60,CARLOS PARTIDA FREGOSO,PCM: 325-2517060    CEL. 325-2517177
311,CBTA,HUAJICORI,KM. 1 SALIDA A ACAPONETA,EDUCACION,"AGUA, SANITARIOS Y LUZ ELECTRICA",400,22.638558333333332,105.32466666666666,60,ING. FRANCISCO PLATA PEÑA,PCM: 325-2517060    CEL. 325-2517177
312,ESCUELA SECUNDARIA TECNICA INDUSTRIAL,IXTLAN DEL RIO,EMILIANO ZAPATA NO. 58 COL. EMILIO M. GLEZ.,EDUCACION,"AGUA, SANITARIOS Y LUZ ELECTRICA",72,21.031666666666666,104.35679166666667,1140,FERNANDO FLORES GARCIA,324-2432400
313,ESCUELA “NARCIZO MENDOZA”,IXTLAN DEL RIO,HIDALGO NO. 329 PTE.,EDUCACION,"AGUA, SANITARIOS Y LUZ ELECTRICA",136,21.036183333333334,104.37460833333333,1140,DIR. SOCORRO AQUINO HERNANDEZ,324-2760293
314,ESCUELA “JOSEFA ORTIZ DE DOMÍNGUEZ”,IXTLAN DEL RIO,HIDALGO NO. 381 PTE.,EDUCACION,"AGUA, SANITARIOS Y LUZ ELECTRICA",108,21.036391666666667,104.37586666666667,1140,FELIPE IGNACIO FAUSTO FLORES,324-1003182
315,ESCUELA “LIC. BENITO JUÁREZ”,IXTLAN DEL RIO,LICEAGA No. 83 NORTE,EDUCACION,"AGUA, SANITARIOS Y LUZ ELECTRICA",108,21.0374,104.36450555555555,1140,HECTOR RAMIREZ RIVERA,PCM: 324-2433904   NEXTEL 62*375578*1
316,C.E.B.T.I.S. No. 27,IXTLAN DEL RIO,AGUSTIN MELGAR ESQ. JUAN ESCUTIA,EDUCACION,"AGUA, SANITARIOS Y LUZ ELECTRICA",120,21.033219444444445,104.37990277777777,1140,ALICIA PARRA RIVERA,PCM: 324-2433904   NEXTEL 62*375578*1
317,ESC. PRIMARIA URB. “IGNACIO M. ALTAMIRANO”,IXTLAN DEL RIO,"REVOLUCIÓN No. 583 ORIENTE,",EDUCACION,"AGUA, SANITARIOS Y LUZ ELECTRICA",80,21.040019444444447,104.3586611111111,1140,DIRECTOR DEL PLANTEL,PCM: 324-2433904   NEXTEL 62*375578*1
318,ESCUELA PRIMARIA RAMON CORONA,IXTLAN DEL RIO,NARANJO ESQ. HIDALGO NO. 596,EDUCACION,"AGUA, SANITARIOS Y LUZ ELECTRICA",35,21.030358333333332,104.354275,1140,JOSE DE JESUS CARRILLO ROBLES,PCM: 324-2433904   NEXTEL 62*375578*1
319,ESCUELA PREPARATORIA NO. 6,IXTLAN DEL RIO,EULOGIO PARRA S/N,EDUCACION,"AGUA, SANITARIOS Y LUZ ELECTRICA",108,21.034347222222223,104.37911388888888,1140,LUIS MARTINEZ HERNANDEZ,PCM: 324-2433904   NEXTEL 62*375578*1
320,U.A.N.  UNIDAD ACADEMICA DEL SUR,IXTLAN DEL RIO,"HIDALGO, CARRETERA INTERNACIONAL",EDUCACION,"AGUA, SANITARIOS Y LUZ ELECTRICA",78,21.035194444444446,104.3690861111111,1140,J. MANUEL TOVAR GARCIA,PCM: 324-2433904   NEXTEL 62*375578*1
321,ESCUELA PRIMARIA “16 DE SEPTIEMBRE”,JALA,HIDALGO No. 180,EDUCACION,"AGUA, SANITARIOS Y LUZ ELECTRICA",49,21.105205555555557,104.436875,1080,PROFR. ADAUTO TORRES LUCACHIN,CEL. 324-1003376
322,ESCUELA PRIMARIA” MIGUEL HIDALGO Y COSTILLA,JALA,MORELIA No.44,EDUCACION,"AGUA, SANITARIOS Y LUZ ELECTRICA",70,21.10533888888889,104.44282222222223,1080,DIRECTOR DEL PLANTEL,CEL. 324-1003376
323,ESC. SEC. FED. “RICARDO FLORES MAGON”,JALA,AV. DE LA AMISTAD  S/N,EDUCACION,"AGUA, SANITARIOS Y LUZ ELECTRICA",126,21.103333333333335,104.42880833333334,1080,JOSE MANUEL JIMENEZ TALAMANTES,CEL 311-1770321
324,C.B.T.A. NO. 107,JALA,DOMICILIO CONOCIDO,EDUCACION,"AGUA, SANITARIOS Y LUZ ELECTRICA",100,21.10131388888889,104.43195555555556,1080,PROFR. ALEJANDRO FRANQUEZ SOLIS,CEL. 324-1003376
325,JARDÍN DE NIÑOS “JOSE MARIA SALAZAR”,JALA,ABASOLO No. 12,EDUCACION,"AGUA, SANITARIOS Y LUZ ELECTRICA",49,21.102972222222224,104.4387888888889,1080,DIRECTOR DEL PLANTEL,CEL. 324-1003376
326,ESCUELA PRIMARIA GRAL. EULOGIO PARRA,JALA,DOMICILIO CONOCIDO,EDUCACION,"AGUA, SANITARIOS Y LUZ ELECTRICA",100,21.103408333333334,104.4292638888889,1080,PROFR. JUAN RAFAEL GARCIA,CEL. 324-1003376
327,DIF MUNICIPAL JOMULCO,JALA,ZARAGOZA No. 83,GOBIERNO MUNICIPAL,"AGUA, SANITARIOS Y LUZ ELECTRICA",77,21.103280555555557,104.42270555555557,1080,JUAN JOSE CARRILLO PEREZ,CEL. 324-1003376
328,SALON EJIDAL,JALA,ROSA BLANCA,EJIDAL,"AGUA, SANITARIOS Y LUZ ELECTRICA",80,21.123261111111113,104.35810833333333,1950,COMISARIADO EJIDAL,324-2417100
329,ESCUELA SECUNDARIA,JALA,ROSA BLANCA,EDUCACION,"AGUA, SANITARIOS Y LUZ ELECTRICA",100,21.123261111111113,104.35810833333333,1950,DIRECTOR DEL PLANTEL,324-2417100
330,ESCUELA PRIMARIA,JALA,ROSA BLANCA,EDUCACION,"AGUA, SANITARIOS Y LUZ ELECTRICA",100,21.123261111111113,104.35810833333333,1950,DIRECTOR DEL PLANTEL,324-2417100
331,SALON EJIDAL,JALA,LOS AGUAJES,EJIDAL,"AGUA, SANITARIOS Y LUZ ELECTRICA",30,21.108083333333333,104.3546611111111,1850,COMISARIADO EJIDAL,324-2417101
332,ESCUELA PRIMARIA,JALA,LOS AGUAJES,EDUCACION,"AGUA, SANITARIOS Y LUZ ELECTRICA",50,21.108083333333333,104.3546611111111,1850,DIRECTOR DEL PLANTEL,324-2417101
333,ESCUELA SECUNDARIA,JALA,COFRADIA DE JUANACATLAN,EDUCACION,"AGUA, SANITARIOS Y LUZ ELECTRICA",100,21.107958333333336,104.32282777777777,1900,DIRECTOR DEL PLANTEL,CEL. 324-1003376
334,TELESECUNDARIA,JALA,COAPAN,EDUCACION,"AGUA, SANITARIOS Y LUZ ELECTRICA",40,21.14178888888889,104.47071111111111,1250,DIRECTOR DEL PLANTEL,311-2142204
335,ESCUELA PRIMARIA,JALA,COAPAN,EDUCACION,"AGUA, SANITARIOS Y LUZ ELECTRICA",50,21.14178888888889,104.47071111111111,1250,DIRECTOR DEL PLANTEL,311-214204
339,ESCUELA PRIMARIA BENITO JUAREZ,ROSAMORADA,JUAREZ S/N,EDUCACION,"AGUA, SANITARIOS Y LUZ ELECTRICA",100,22.12326388888889,105.20342777777778,30,DIRECTOR DEL PLANTEL,PCM: 319-2340005   CEL. 323-1050294
340,ESCUELA PRIMARIA EMILIANO ZAPATA,ROSAMORADA,INSURGENTES S/N,EDUCACION,"AGUA, SANITARIOS Y LUZ ELECTRICA",150,22.120033333333335,105.21116111111111,30,DIRECTOR DEL PLANTEL,319-2340590
341,ESCUELA PRIMARIA PRESIDENTE MIGUEL ALEMAN VALDEZ,ROSAMORADA,HIDALGO S/N COL. CENTRO,EDUCACION,"AGUA, SANITARIOS Y LUZ ELECTRICA",200,22.123722222222224,105.20349166666666,30,DIRECTOR DEL PLANTEL,PCM: 319-2340005   CEL. 323-1050294
342,PRESIDENCIA MUNICIPAL,ROSAMORADA,MEXICO NO. 14 COL. CENTRO,GOBIERNO MUNICIPAL,"AGUA, SANITARIOS Y LUZ ELECTRICA",200,22.122947222222223,105.20462222222223,30,PRESIDENTE MUNICIPAL,319-2340005
343,SALON EJIDAL,ROSAMORADA,PARAMITA,EJIDAL,"AGUA, SANITARIOS Y LUZ ELECTRICA",90,22.13953888888889,105.19274444444444,30,ONESIMO FRANCO BOBADILLA,323-2352410
344,ESC. PRIMARIA,ROSAMORADA,PASO REAL DE BEJUCO,EDUCACION,"AGUA, SANITARIOS Y LUZ ELECTRICA",60,22.019069444444444,105.19276944444445,20,DIRECTOR DEL PLANTEL,319-2348092
345,SALON EJIDAL,ROSAMORADA,PASO REAL DE BEJUCO,EJIDAL,"AGUA, SANITARIOS Y LUZ ELECTRICA",100,22.019069444444444,105.19276944444445,20,EFREN ARREOLA CABRALES,319-2348092
346,SALON EJIDAL,ROSAMORADA,PERICOS,EJIDAL,"AGUA, SANITARIOS Y LUZ ELECTRICA",70,22.049686111111114,105.35419166666667,15,JOSE ALBERTO CERVANTES ZURITA,319-2335263
347,CASINO EJIDAL,ROSAMORADA,PERICOS,EJIDAL,"AGUA, SANITARIOS Y LUZ ELECTRICA",250,22.049686111111114,105.35419166666667,15,JOSE ALBERTO CERVANTES ZURITA,319-2335264
348,ESCUELA PRIMARIA,ROSAMORADA,PIMIENTILLO,EDUCACION,"AGUA, SANITARIOS Y LUZ ELECTRICA",200,22.015847222222224,105.41066388888889,15,PABLO ANZALDO TOPETE,319-2346068
349,SALON EJIDAL,ROSAMORADA,PIMIENTILLO,EJIDAL,"AGUA, SANITARIOS Y LUZ ELECTRICA",50,22.015847222222224,105.41066388888889,15,PABLO ANZALDO TOPETE,319-2346073
350,ESC. PRIMARIA,ROSAMORADA,PROVIDENCIA,EDUCACION,"AGUA, SANITARIOS Y LUZ ELECTRICA",100,22.168661111111113,105.24241111111111,20,ULISES ARREDONDO,PCM: 319-2340005   CEL. 323-1050294
351,SALON EJIDAL,ROSAMORADA,PUENTE DEL BEJUCO,EJIDAL,"AGUA, SANITARIOS Y LUZ ELECTRICA",50,21.98029722222222,105.19265277777778,20,ENRIQUE GOMEZ,PCM: 319-2340005   CEL. 323-1050294
352,ESC. PRIMARIA LAZARO CARDENAS,ROSAMORADA,SAN VICENTE,EDUCACION,"AGUA, SANITARIOS Y LUZ ELECTRICA",600,21.94981111111111,105.29651111111112,20,HILDA ESTRADA MORAN,319-2321101
353,SALON EJIDAL,ROSAMORADA,SAN VICENTE,EJIDAL,"AGUA, SANITARIOS Y LUZ ELECTRICA",300,21.94981111111111,105.29651111111112,20,J. JESUS ESTRADA LARA,319-2321101
354,ESC. PRIMARIA,ROSAMORADA,FRANCISCO VILLA,EDUCACION,"AGUA, SANITARIOS Y LUZ ELECTRICA",60,22.220605555555554,105.32943333333333,15,DIRECTOR DEL PLANTEL,319-4880412
355,ESC. PRIMARIA,ROSAMORADA,LA BOQUITA,EDUCACION,"AGUA, SANITARIOS Y LUZ ELECTRICA",100,21.99983888888889,105.3427111111111,10,JOSE ECHEGARAY LERMA,319-2328100
356,TELESECUNDARIA,ROSAMORADA,LA BOQUITA,EDUCACION,"AGUA, SANITARIOS Y LUZ ELECTRICA",40,21.99983888888889,105.3427111111111,10,JOSE ECHEGARAY LERMA,319-2328101
357,ESC. PRIMARIA,ROSAMORADA,COL. 18 DE MARZO,EDUCACION,"AGUA, SANITARIOS Y LUZ ELECTRICA",100,22.034658333333336,105.30934722222221,15,FELIX ACOSTA VALLE,319-2326100
358,ESC. PRIMARIA,ROSAMORADA,COYOTES,EDUCACION,"AGUA, SANITARIOS Y LUZ ELECTRICA",24,21.978358333333333,105.11120555555554,20,LAZARO MICHEL GALVAN,PCM: 319-2340005   CEL. 323-1050294
359,ESC. PRIMARIA,ROSAMORADA,LA LOMA,EDUCACION,"AGUA, SANITARIOS Y LUZ ELECTRICA",90,21.973116666666666,105.281575,20,CINTHIA GIL OROZCO,323-2351571
360,ESC. PRIMARIA,ROSAMORADA,MINITAS,EDUCACION,"AGUA, SANITARIOS Y LUZ ELECTRICA",50,22.435,105.18595833333333,30,ROBERTO CORDERO DERA,319-2340245
361,SALON EJIDAL,ROSAMORADA,MINITAS,EJIDAL,"AGUA, SANITARIOS Y LUZ ELECTRICA",40,22.435,105.18595833333333,30,ROBERTO CORDERO DERA,319-2340245
362,ESC. PRIMARIA,ROSAMORADA,LAS PILAS,EDUCACION,"AGUA, SANITARIOS Y LUZ ELECTRICA",100,22.03463888888889,105.16314722222222,20,ISRAEL CERVANTES CAMACHO,323-2351611
363,ESC. PRIMARIA,ROSAMORADA,LAZARO CARDENAS,EDUCACION,"AGUA, SANITARIOS Y LUZ ELECTRICA",30,22.20818611111111,105.25286944444444,50,ANTONIO MORENO ORTIZ,PCM: 319-2340005   CEL. 323-1050294
364,ESC. PRIMARIA,ROSAMORADA,LLANO DEL TIGRE,EDUCACION,"AGUA, SANITARIOS Y LUZ ELECTRICA",80,22.127008333333333,105.30494444444444,20,CAMILO GONZALEZ RAMOS,200-1247915
365,ESC. PRIMARIA,ROSAMORADA,LOS LEANDROS,EDUCACION,"AGUA, SANITARIOS Y LUZ ELECTRICA",40,21.986852777777777,105.19673333333334,20,RAUL BARO RODARTE,PCM: 319-2340005   CEL. 323-1050294
366,ESC. PRIMARIA,ROSAMORADA,LOS MEDINA,EDUCACION,"AGUA, SANITARIOS Y LUZ ELECTRICA",90,22.003505555555556,105.3571861111111,15,PEDRO HUIZAR,319-2328200
367,ESC. PRIMARIA,ROSAMORADA,PARAMITAS,EDUCACION,"AGUA, SANITARIOS Y LUZ ELECTRICA",90,22.13953888888889,105.19274444444444,30,ONESIMO FRANCO BOBADILLA,323-2352410
368,SALON EJIDAL,ROSAMORADA,TAMARINDO,EJIDAL,"AGUA, SANITARIOS Y LUZ ELECTRICA",100,21.957308333333334,105.23365555555556,20,FELICIANO FLORES,319-2321017
369,ESC. PRIMARIA,ROSAMORADA,TAMARINDO,EDUCACION,"AGUA, SANITARIOS Y LUZ ELECTRICA",180,21.957308333333334,105.23365555555556,20,FELICIANO FLORES,319-2321151
370,ESC. PRIMARIA,ROSAMORADA,SANTA FE,EDUCACION,"AGUA, SANITARIOS Y LUZ ELECTRICA",90,22.03592777777778,105.07326666666667,10,PANTALEON RIVERA MUÑOZ,PCM: 319-2340005   CEL. 323-1050294
371,ESC. PRIMARIA,ROSAMORADA,ZOMATLAN,EDUCACION,"AGUA, SANITARIOS Y LUZ ELECTRICA",100,22.123758333333335,105.26407222222223,20,SANTOS FLORES MAYORQUIN,200-1247932
372,ESC. PRIMARIA,ROSAMORADA,SAN MIGUELITO,EDUCACION,"AGUA, SANITARIOS Y LUZ ELECTRICA",100,22.10793055555556,105.32179166666667,20,POLICARPIO DURAN FABIAN,323-2352394
373,ESC. PRIMARIA,ROSAMORADA,TEPONOHUAXTLA,EDUCACION,"AGUA, SANITARIOS Y LUZ ELECTRICA",80,22.22469444444444,105.19035000000001,70,EDUARDO MARTINEZ G.,200-1268566
374,ESC. PRIMARIA,ROSAMORADA,VICENTE GUERRERO,EDUCACION,"AGUA, SANITARIOS Y LUZ ELECTRICA",80,22.002830555555555,105.3794611111111,20,RAFAEL LLAMAS PONCE,319-2335175
375,ESC. PRIMARIA,ROSAMORADA,COFRADIA DE  CUYUTLAN,EDUCACION,"AGUA, SANITARIOS Y LUZ ELECTRICA",50,22.054827777777778,105.11577222222222,20,CECILIO GONZALEZ ORTIZ,PCM: 319-2340005   CEL. 323-1050294
376,ESC. PRIMARIA,ROSAMORADA,AGUACEDA,EDUCACION,"AGUA, SANITARIOS Y LUZ ELECTRICA",100,22.02418611111111,105.02623333333334,20,PORFIRIO RAMOS AGUILAR,PCM: 319-2340005   CEL. 323-1050294
377,ESC. PRIMARIA,ROSAMORADA,SAN DIEGO DEL NARANJO,EDUCACION,"AGUA, SANITARIOS Y LUZ ELECTRICA",80,21.984597222222224,105.06064444444443,50,HORACIO RAMIREZ GAMEZ,PCM: 319-2340005   CEL. 323-1050294
378,ESC. PRIMARIA,ROSAMORADA,LOS ARRAYANES,EDUCACION,"AGUA, SANITARIOS Y LUZ ELECTRICA",50,22.09971388888889,105.11400277777777,20,IGNACIO RAMOS RUBIO,PCM: 319-2340005   CEL. 323-1050294
379,ESC. PRIMARIA,ROSAMORADA,SAN JUAN BAUTISTA,EDUCACION,"AGUA, SANITARIOS Y LUZ ELECTRICA",120,22.04521111111111,104.94009166666667,60,GERMAN IBARRA MUÑIZ,323-2352392
380,ESC. PRIMARIA,ROSAMORADA,BONITAS,EDUCACION,"AGUA, SANITARIOS Y LUZ ELECTRICA",40,22.259505555555556,105.25486944444444,60,J. JESUS BRIONES DE LA PAZ,PCM: 319-2340005   CEL. 323-1050294
381,ESC. PRIMARIA,ROSAMORADA,MOJOCUAHUTLA,EDUCACION,"AGUA, SANITARIOS Y LUZ ELECTRICA",100,22.084138888888887,105.04064166666666,40,FLORENCIO FLORES,PCM: 319-2340005   CEL. 323-1050294
382,ESC. PRIMARIA,ROSAMORADA,SAN JUAN CORAPAN,EDUCACION,"AGUA, SANITARIOS Y LUZ ELECTRICA",70,22.045147222222223,104.94006111111112,100,FRANCISCO CELEDONIO SANCHEZ,555-1519305
383,ESC. PRIMARIA,ROSAMORADA,COFRADIA DE CUYUTLAN,EDUCACION,"AGUA, SANITARIOS Y LUZ ELECTRICA",100,22.054872222222222,105.11577222222222,20,DIONICIO JIMENEZ OROZCO,PCM: 319-2340005   CEL. 323-1050294
384,ESC. PRIMARIA,ROSAMORADA,EL BALSAMO,EDUCACION,"AGUA, SANITARIOS Y LUZ ELECTRICA",50,22.15003611111111,105.06632222222223,120,AURELIO ESTRADA CATAÑO,PCM: 319-2340005   CEL. 323-1050294
385,ESC. PRIMARIA,ROSAMORADA,EL OCHENTA,EDUCACION,"AGUA, SANITARIOS Y LUZ ELECTRICA",40,21.97126388888889,105.14920277777779,20,PRIMITIVO GONZALEZ GARCIA,PCM: 319-2340005   CEL. 323-1050294
386,ESC. PRIMARIA,ROSAMORADA,EL PESCADERO,EDUCACION,"AGUA, SANITARIOS Y LUZ ELECTRICA",90,22.188069444444444,105.32683888888889,15,JULIAN PALACIOS GONZALEZ,PCM: 319-2340005   CEL. 323-1050294
387,ESC. PRIMARIA,ROSAMORADA,ROSARITO,EDUCACION,"AGUA, SANITARIOS Y LUZ ELECTRICA",50,22.167605555555557,105.00510833333334,400,ALEJANDRO HUIZAR,555-1503575
388,ESC. PRIMARIA “PROFR. ODILÓN COCULA VALDIVIA”,BAHIA DE BANDERAS,VALLE DE BANDERAS,EDUCACION,"AGUA, SANITARIOS Y LUZ ELECTRICA",167,20.805991666666667,105.25139166666666,40,ESTHER GARCIA,329-2910927
389,ESC. PRIMARIA CARLOS COBARRUVIAS POSADA,BAHIA DE BANDERAS,VALLE DE BANDERAS,EDUCACION,"AGUA, SANITARIOS Y LUZ ELECTRICA",125,20.809994444444445,105.24673611111112,40,LAURA MORENO,322-1360140
390,ESC. PRIMARIA  20 DE NOVIEMBRE,BAHIA DE BANDERAS,VALLE DE BANDERAS,EDUCACION,"AGUA, SANITARIOS Y LUZ ELECTRICA",156,20.920244444444446,105.24813055555556,40,ANTONIA PEÑA MORENO,329-2911121                    322-1729494
391,ESC. SEC. JUSTO SIERRA,BAHIA DE BANDERAS,VALLE DE BANDERAS,EDUCACION,"AGUA, SANITARIOS Y LUZ ELECTRICA",246,20.807683333333333,105.24696944444445,40,JOSE ANGEL COVARRUBIAS,329-2910370
392,JARDIN DE NIÑOS GENERAL IGNACIO ZARAGOZA,BAHIA DE BANDERAS,VALLE DE BANDERAS,EDUCACION,"AGUA, SANITARIOS Y LUZ ELECTRICA",123,20.807558333333333,105.24606388888888,40,DIRECTORA DEL PLANTEL,322-2911129
393,ESCUELA PRIMARIA “EMILIANO ZAPATA”,BAHIA DE BANDERAS,SAN JOSE DEL VALLE,EDUCACION,"AGUA, SANITARIOS Y LUZ ELECTRICA",229,20.761855555555556,105.22912222222223,40,ANTONIO LANGARICA PEREZ,329-2950068
394,ESCUELA PRIMARIA “JESUS AGUILAR”,BAHIA DE BANDERAS,SAN JOSE DEL VALLE,EDUCACION,"AGUA, SANITARIOS Y LUZ ELECTRICA",243,20.76318611111111,105.22691388888889,40,EDGAR ANTONIO HERNANDEZ,329-2951051
395,ESC. SEC. FEDERAL “HERMANOS SERDÁN”,BAHIA DE BANDERAS,SAN JOSE DEL VALLE,EDUCACION,"AGUA, SANITARIOS Y LUZ ELECTRICA",375,20.761758333333333,105.22838333333334,40,ANTONIO TORRES CORREA,329-2950454                   322-1944008
396,JARDIN DE NIÑOS JUSTO SIERRA MENDEZ,BAHIA DE BANDERAS,SAN JOSE DEL VALLE,EDUCACION,"AGUA, SANITARIOS Y LUZ ELECTRICA",83,20.76016111111111,105.231025,40,DIRECTORA DEL PLANTEL,329-2950579
397,ESCUELA PRIMARIA PABLO MONTESINOS,BAHIA DE BANDERAS,SAN JOSE DEL VALLE,EDUCACION,"AGUA, SANITARIOS Y LUZ ELECTRICA",31,20.76260277777778,105.22811666666666,40,DIRECTOR DEL PLANTEL,PCM: 322-2976571   CEL. 322-1089481
398,ESC. “PROFR. FERNANDO CAMBOA BERSUNSA”,BAHIA DE BANDERAS,SAN JUAN DE ABAJO,EDUCACION,"AGUA, SANITARIOS Y LUZ ELECTRICA",250,20.816677777777777,105.18755833333334,40,MARTIN ESTRADA CERVANTES,329-2960577
399,ESCUELA PRIMARIA “JOSÉ MARÍA MORELOS”,BAHIA DE BANDERAS,SAN JUAN DE ABAJO,EDUCACION,"AGUA, SANITARIOS Y LUZ ELECTRICA",204,20.813716666666668,105.19086111111112,40,ESTHER ALVAREZ GARCIA,329-2960676
400,ESC. SEC. TEC. JESUS REYES HEROLES,BAHIA DE BANDERAS,SAN JUAN DE ABAJO,EDUCACION,"AGUA, SANITARIOS Y LUZ ELECTRICA",383,20.816858333333332,105.19929722222223,40,MATEO CERVANTES VILLARREAL,329-2960154
401,ESC. CECYTEN,BAHIA DE BANDERAS,SAN JUAN DE ABAJO,EDUCACION,"AGUA, SANITARIOS Y LUZ ELECTRICA",309,20.823408333333333,105.18820833333334,40,LIC. KARLA GABRIELA FLORES PARRA,329-2960937
402,ESC. PRIM. IGNACIO AGUSTIN YAÑEZ,BAHIA DE BANDERAS,SAN JUAN DE ABAJO,EDUCACION,"AGUA, SANITARIOS Y LUZ ELECTRICA",166,20.815047222222223,105.19167777777778,40,PROFR. ADRIAN CEJA MARTINEZ,PCM: 322-2976571   CEL. 322-1089481
403,JARDIN DE NIÑOS LUIS DONALDO COLOSIO,BAHIA DE BANDERAS,SAN JUAN DE ABAJO,EDUCACION,"AGUA, SANITARIOS Y LUZ ELECTRICA",26,20.81943888888889,105.18983333333334,40,DIRECTORA DEL PLANTEL,PCM: 322-2976571   CEL. 322-1089481
404,JARDIN DE NIÑOS GABRIELA MISTRAL,BAHIA DE BANDERAS,SAN JUAN DE ABAJO,EDUCACION,"AGUA, SANITARIOS Y LUZ ELECTRICA",20,20.81746111111111,105.19966111111111,40,DIRECTORA DEL PLANTEL,PCM: 322-2976571   CEL. 322-1089481
405,ESC. PRIM. “GUILLERMO FLORES MUÑOS”,BAHIA DE BANDERAS,EL COATANTE,EDUCACION,"AGUA, SANITARIOS Y LUZ ELECTRICA",56,20.902405555555553,105.12544999999999,60,PROFR. TONATIU ESPARZA RODRIGUEZ,PCM: 322-2976571   CEL. 322-1089481
406,TELE SECUNDARIA “CRISTOBAL COLON”,BAHIA DE BANDERAS,EL COATANTE,EDUCACION,"AGUA, SANITARIOS Y LUZ ELECTRICA",42,20.902405555555553,105.12544999999999,60,PROFR. PEDRO ADRIAN MARTINEZ MEJIA,PCM: 322-2976571   CEL. 322-1089481
407,ESC. SEC. “ESTEBAN BACA CALDERON”,BAHIA DE BANDERAS,EL COLOMO,EDUCACION,"AGUA, SANITARIOS Y LUZ ELECTRICA",84,20.86853888888889,105.15652777777778,50,PROFRA. MARTHA REGALADO MARDUEÑO,PCM: 322-2976571   CEL. 322-1089481
408,ESC. PRIM. “AMERICAS UNIDAS”,BAHIA DE BANDERAS,EL COLOMO,EDUCACION,"AGUA, SANITARIOS Y LUZ ELECTRICA",92,20.86853888888889,105.15652777777778,50,PROFR. JOSE ISIDRO BIZCARA VIDRIO,PCM: 322-2976571   CEL. 322-1089481
409,ESC. PRIM. “EMILIANO ZAPATA”,BAHIA DE BANDERAS,LOS SAUCES,EDUCACION,"AGUA, SANITARIOS Y LUZ ELECTRICA",32,20.91950277777778,105.10092499999999,20,PROFRA. DALIA DIAZ VILLA,PCM: 322-2976571   CEL. 322-1089481
410,TELESECUNDARIA FRANCISCO I. MADERO,BAHIA DE BANDERAS,LOS SAUCES,EDUCACION,"AGUA, SANITARIOS Y LUZ ELECTRICA",36,20.91950277777778,105.10092499999999,20,PROFR. JESUS RAMIREZ,PCM: 322-2976571   CEL. 322-1089481
411,JARDIN DE NIÑOS ENRIQUE PESTALOZI,BAHIA DE BANDERAS,FORTUNA DE VALLEJO,EDUCACION,"AGUA, SANITARIOS Y LUZ ELECTRICA",18,20.93757777777778,105.14485277777779,140,DIRECTORA DEL PLANTEL,PCM: 322-2976571   CEL. 322-1089481
412,ESC. PRIM. “BENITO JUAREZ”,BAHIA DE BANDERAS,FORTUNA DE VALLEJO,EDUCACION,"AGUA, SANITARIOS Y LUZ ELECTRICA",36,20.93757777777778,105.14485277777779,140,PROFR. CEAR AGUSTO GRANDE RAMON,PCM: 322-2976571   CEL. 322-1089481
413,ESC. SEC. “AGUSTIN YAÑEZ”,BAHIA DE BANDERAS,FORTUNA DE VALLEJO,EDUCACION,"AGUA, SANITARIOS Y LUZ ELECTRICA",24,20.93757777777778,105.14485277777779,140,PROFR. MANUEL GARCIA JACOBO,PCM: 322-2976571   CEL. 322-1089481
414,ESC. PRIM. “AMERICA INMORTAL”,BAHIA DE BANDERAS,AGUAMILPA,EDUCACION,"AGUA, SANITARIOS Y LUZ ELECTRICA",104,20.920136111111113,105.03012222222222,20,PROFRA ANGELA JAIME LLAMAS,329-2950592
415,TELESECUNDARIA “FELIPE CARRILLO”,BAHIA DE BANDERAS,AGUAMILPA,EDUCACION,"AGUA, SANITARIOS Y LUZ ELECTRICA",83,20.920136111111113,105.03012222222222,20,PROFR. CARLOS ALBERTO FLORES PIÑA,329-2951747
416,JARDIN DE NIÑOS ESTEBAN BACA CALDERON,BAHIA DE BANDERAS,AGUAMILPA,EDUCACION,"AGUA, SANITARIOS Y LUZ ELECTRICA",20,20.920136111111113,105.03012222222222,20,DIRECTORA DEL PLANTEL,329-2951851
417,ESC. PRIM. “ALFREDO V. BONFIL”,BAHIA DE BANDERAS,SANTA ROSA TAPACHULA,EDUCACION,"AGUA, SANITARIOS Y LUZ ELECTRICA",48,20.787808333333334,105.22963333333334,20,PROFRA ZULEMA YESENIA BERMUDES HERNANDEZ,PCM: 322-2976571   CEL. 322-1089481
418,JARDIN DE NIÑOS JUAN AMOS COMENIO,BAHIA DE BANDERAS,SANTA ROSA TAPACHULA,EDUCACION,"AGUA, SANITARIOS Y LUZ ELECTRICA",50,20.787808333333334,105.22963333333334,20,DIRECTORA DEL PLANTEL,PCM: 322-2976571   CEL. 322-1089481
419,ESCUELA NICOLAS BRAVO,BAHIA DE BANDERAS,EL PORVENIR,EDUCACION,"AGUA, SANITARIOS Y LUZ ELECTRICA",110,20.753166666666665,105.24083333333333,40,PROFR. JUAN MANUEL RUIZ,PCM: 322-2976571   CEL. 322-1089481
420,JARDIN DE NIÑOS FRANCISCO GABILONDO SOLER,BAHIA DE BANDERAS,EL PORVENIR,EDUCACION,"AGUA, SANITARIOS Y LUZ ELECTRICA",27,20.753127777777777,105.242,40,DIRECTORA DEL PLANTEL,PCM: 322-2976571   CEL. 322-1089481
421,SALON EJIDAL,BAHIA DE BANDERAS,EL PORVENIR,EJIDAL,"AGUA, SANITARIOS Y LUZ ELECTRICA",75,20.753216666666667,105.240825,40,ANTONIO ARREOLA GARCIA,PCM: 322-2976571   CEL. 322-1089481
422,JARDIN DE NIÑOS NUÑO GUZMAN,BAHIA DE BANDERAS,SAN VICENTE,EDUCACION,"AGUA, SANITARIOS Y LUZ ELECTRICA",55,20.74152777777778,105.24678888888889,40,PROFR. JUAN MANUEL RUIZ,329-2958593
423,ESC. SEC. “LUIS DONALDO COLOSIO MURRIETA”,BAHIA DE BANDERAS,SAN VICENTE,EDUCACION,"AGUA, SANITARIOS Y LUZ ELECTRICA",250,20.748727777777777,105.24884166666666,40,DIRECTORA DEL PLANTEL,329-2958779
424,SALON EJIDAL,BAHIA DE BANDERAS,SAN VICENTE,EJIDAL,"AGUA, SANITARIOS Y LUZ ELECTRICA",75,20.748080555555557,105.251,40,GUADALUPE FLORES,PCM: 322-2976571   CEL. 322-1089481
425,ESCUELA JOSE MARIA MERCADO,BAHIA DE BANDERAS,SAN VICENTE,EDUCACION,"AGUA, SANITARIOS Y LUZ ELECTRICA",144,20.75373611111111,105.25310555555555,40,DIRECTORA DEL PLANTEL,329-2959049
426,ESCUELA PRIMARIA INDEPENDENCIA,BAHIA DE BANDERAS,SAN VICENTE,EDUCACION,"AGUA, SANITARIOS Y LUZ ELECTRICA",156,20.747769444444444,105.25090833333333,40,MARIA VICTORIA QUIÑONEZ RUESGA,329-2958264
427,ESC. PRIM. “MIGUEL ALEMAN VALDEZ”,BAHIA DE BANDERAS,BUCERIAS,EDUCACION,"AGUA, SANITARIOS Y LUZ ELECTRICA",187,20.756905555555555,105.33001388888889,10,GUADALUPE FLORES,329-2982097
428,COLEGIO PRIVADO,BAHIA DE BANDERAS,BUCERIAS,EDUCACION,"AGUA, SANITARIOS Y LUZ ELECTRICA",250,20.75294166666667,105.32762777777778,10,LIC. MARIA DE LOURDES ROMERO CERNA,329-2980808
429,ESCUELA PRIMARIA OLIVERIO VARGAS,BAHIA DE BANDERAS,BUCERIAS,EDUCACION,"AGUA, SANITARIOS Y LUZ ELECTRICA",292,20.75678611111111,105.32994166666666,10,DIRECTOR DEL PALNTEL,PCM: 322-2976571   CEL. 322-1089481
430,ESC. SEC. “FRAY JUNIPERO SERRA”,BAHIA DE BANDERAS,BUCERIAS,EDUCACION,"AGUA, SANITARIOS Y LUZ ELECTRICA",250,20.759544444444444,105.34137777777778,10,ALFREDO MACHAIN VILLA,329-2980106
431,ESCUELA PRIMARIA JOSE CLEMENTE OROZCO,BAHIA DE BANDERAS,EL GUAMUCHIL,EDUCACION,"AGUA, SANITARIOS Y LUZ ELECTRICA",41,20.818791666666666,105.38633333333334,280,DIRECTOR DEL PLANTEL,PCM: 322-2976571   CEL. 322-1089481
432,JARDIN DE NIÑOS PARTCHI,BAHIA DE BANDERAS,JARRETADERAS,EDUCACION,"AGUA, SANITARIOS Y LUZ ELECTRICA",292,20.690408333333334,105.2827638888889,20,DIRECTORA DEL PLANTEL,PCM: 322-2976571   CEL. 322-1089481
433,SALON EJIDAL,BAHIA DE BANDERAS,JARRETADERAS,EJIDAL,"AGUA, SANITARIOS Y LUZ ELECTRICA",260,20.69261388888889,105.27396944444445,20,PRESIDENTE DEL COMISARIADO EJIDAL,PCM: 322-2976571   CEL. 322-1089481
434,ESC. PRIM. “ADOLFO LOPEZ MATEOS”,BAHIA DE BANDERAS,MEZCALITOS,EDUCACION,"AGUA, SANITARIOS Y LUZ ELECTRICA",41,105.2822861111111,20.713294444444443,20,LUIS GERARDO,PCM: 322-2976571   CEL. 322-1089481
435,ESC. PRIM. “MAXIMO HERNANDEZ ESCANIO”,BAHIA DE BANDERAS,MEZCALES,EDUCACION,"AGUA, SANITARIOS Y LUZ ELECTRICA",132,20.729341666666667,105.28286666666666,20,ALBERTO CARLOS AGUIRRE,322-2965484
436,ESCUELA SECUNDARIA FRANCISCO JAVIER MINA,BAHIA DE BANDERAS,MEZCALES,EDUCACION,"AGUA, SANITARIOS Y LUZ ELECTRICA",83,20.732377777777778,105.28617777777778,20,DIRECTOR DEL PLANTEL,PCM: 322-2976571   CEL. 322-1089481
437,ESC. SEC. “ADOLFO LOPEZ MATEOS”,BAHIA DE BANDERAS,MEZCALES,EDUCACION,"AGUA, SANITARIOS Y LUZ ELECTRICA",72,20.724113888888887,105.28335277777778,20,ELVA LIDIA LOPEZ,322-1375936
